repository,branch,loc,error,elapsed_seconds,file_count
ansible__ansible,instance_ansible__ansible-189fcb37f973f0b1d52b555728208eeb9a6fce83-v906c969b551b346ef54a2c0b41e04f632b7b73c2,260902,,3.14,12288
ansible__ansible,instance_ansible__ansible-5e88cd9972f10b66dd97e1ee684c910c6a2dd25e-v906c969b551b346ef54a2c0b41e04f632b7b73c2,280122,,2.77,12702
ansible__ansible,instance_ansible__ansible-c1f2df47538b884a43320f53e787197793b105e8-v906c969b551b346ef54a2c0b41e04f632b7b73c2,401324,,2.61,14313
ansible__ansible,instance_ansible__ansible-eea46a0d1b99a6dadedbb6a3502d599235fa7ec3-v390e508d27db7a51eece36bb6d9698b63a5b638a,437320,,2.61,14931
ansible__ansible,instance_ansible__ansible-164881d871964aa64e0f911d03ae270acbad253c-v390e508d27db7a51eece36bb6d9698b63a5b638a,15940,,3.66,15124
ansible__ansible,instance_ansible__ansible-622a493ae03bd5e5cf517d336fc426e9d12208c7-v906c969b551b346ef54a2c0b41e04f632b7b73c2,31521,,3.69,15312
ansible__ansible,instance_ansible__ansible-7e1a347695c7987ae56ef1b6919156d9254010ad-v390e508d27db7a51eece36bb6d9698b63a5b638a,222962,,2.48,16447
ansible__ansible,instance_ansible__ansible-b6290e1d156af608bd79118d209a64a051c55001-v390e508d27db7a51eece36bb6d9698b63a5b638a,246911,,3.01,16637
ansible__ansible,instance_ansible__ansible-489156378c8e97374a75a544c7c9c2c0dd8146d1-v390e508d27db7a51eece36bb6d9698b63a5b638a,281870,,3.44,16781
ansible__ansible,instance_ansible__ansible-f02a62db509dc7463fab642c9c3458b9bc3476cc-v390e508d27db7a51eece36bb6d9698b63a5b638a,326241,,1.46,17015
ansible__ansible,instance_ansible__ansible-d72025be751c894673ba85caa063d835a0ad3a8c-v390e508d27db7a51eece36bb6d9698b63a5b638a,450009,,3.31,18161
ansible__ansible,instance_ansible__ansible-77658704217d5f166404fc67997203c25381cb6e-v390e508d27db7a51eece36bb6d9698b63a5b638a,631927,,3.71,19421
ansible__ansible,instance_ansible__ansible-a20a52701402a12f91396549df04ac55809f68e9-v1055803c3a812189a1133297f7f5468579283f86,501904,,1.08,4597
ansible__ansible,instance_ansible__ansible-34db57a47f875d11c4068567b9ec7ace174ec4cf-v1055803c3a812189a1133297f7f5468579283f86,507420,,0.84,4771
ansible__ansible,instance_ansible__ansible-ecea15c508f0e081525be036cf76bbb56dbcdd9d-vba6da65a0f3baefda7a058ebbd0a8dcafb8512f5,506730,,0.3,4781
ansible__ansible,instance_ansible__ansible-b748edea457a4576847a10275678127895d2f02f-v1055803c3a812189a1133297f7f5468579283f86,507597,,1.75,4789
ansible__ansible,instance_ansible__ansible-1ee70fc272aff6bf3415357c6e13c5de5b928d9b-v1055803c3a812189a1133297f7f5468579283f86,508080,,1.28,4798
ansible__ansible,instance_ansible__ansible-ea04e0048dbb3b63f876aad7020e1de8eee9f362-v1055803c3a812189a1133297f7f5468579283f86,510377,,0.99,4847
ansible__ansible,instance_ansible__ansible-e40889e7112ae00a21a2c74312b330e67a766cc0-v1055803c3a812189a1133297f7f5468579283f86,511661,,0.44,4934
ansible__ansible,instance_ansible__ansible-984216f52e76b904e5b0fa0fb956ab4f1e0a7751-v1055803c3a812189a1133297f7f5468579283f86,511526,,0.59,4942
ansible__ansible,instance_ansible__ansible-d30fc6c0b359f631130b0e979d9a78a7b3747d48-v1055803c3a812189a1133297f7f5468579283f86,511644,,0.93,4989
ansible__ansible,instance_ansible__ansible-e22e103cdf8edc56ff7d9b848a58f94f1471a263-v1055803c3a812189a1133297f7f5468579283f86,514955,,0.96,4685
ansible__ansible,instance_ansible__ansible-c616e54a6e23fa5616a1d56d243f69576164ef9b-v1055803c3a812189a1133297f7f5468579283f86,515216,,2.09,4696
ansible__ansible,instance_ansible__ansible-bf98f031f3f5af31a2d78dc2f0a58fe92ebae0bb-v1055803c3a812189a1133297f7f5468579283f86,515722,,0.92,4726
ansible__ansible,instance_ansible__ansible-5260527c4a71bfed99d803e687dd19619423b134-vba6da65a0f3baefda7a058ebbd0a8dcafb8512f5,515915,,0.68,4728
ansible__ansible,instance_ansible__ansible-fb144c44144f8bd3542e71f5db62b6d322c7bd85-vba6da65a0f3baefda7a058ebbd0a8dcafb8512f5,518395,,0.47,4818
ansible__ansible,instance_ansible__ansible-709484969c8a4ffd74b839a673431a8c5caa6457-vba6da65a0f3baefda7a058ebbd0a8dcafb8512f5,495045,,1.23,4719
ansible__ansible,instance_ansible__ansible-3db08adbb1cc6aa9941be5e0fc810132c6e1fa4b-vba6da65a0f3baefda7a058ebbd0a8dcafb8512f5,495324,,1.09,4721
ansible__ansible,instance_ansible__ansible-83909bfa22573777e3db5688773bda59721962ad-vba6da65a0f3baefda7a058ebbd0a8dcafb8512f5,482570,,1.32,4766
ansible__ansible,instance_ansible__ansible-cb94c0cc550df9e98f1247bc71d8c2b861c75049-v1055803c3a812189a1133297f7f5468579283f86,483206,,0.49,4807
ansible__ansible,instance_ansible__ansible-de5858f48dc9e1ce9117034e0d7e76806f420ca8-v1055803c3a812189a1133297f7f5468579283f86,469395,,0.56,4732
ansible__ansible,instance_ansible__ansible-f8ef34672b961a95ec7282643679492862c688ec-vba6da65a0f3baefda7a058ebbd0a8dcafb8512f5,470652,,0.83,4761
ansible__ansible,instance_ansible__ansible-be2c376ab87e3e872ca21697508f12c6909cf85a-vba6da65a0f3baefda7a058ebbd0a8dcafb8512f5,471978,,0.8,4798
ansible__ansible,instance_ansible__ansible-1b70260d5aa2f6c9782fd2b848e8d16566e50d85-vba6da65a0f3baefda7a058ebbd0a8dcafb8512f5,471962,,1.01,4803
ansible__ansible,instance_ansible__ansible-83fb24b923064d3576d473747ebbe62e4535c9e3-vba6da65a0f3baefda7a058ebbd0a8dcafb8512f5,472190,,0.58,4819
ansible__ansible,instance_ansible__ansible-be59caa59bf47ca78a4760eb7ff38568372a8260-v1055803c3a812189a1133297f7f5468579283f86,473240,,0.33,4882
ansible__ansible,instance_ansible__ansible-9759e0ca494de1fd5fc2df2c5d11c57adbe6007c-v1055803c3a812189a1133297f7f5468579283f86,476918,,1.0,4989
ansible__ansible,instance_ansible__ansible-4c5ce5a1a9e79a845aff4978cfeb72a0d4ecf7d6-v1055803c3a812189a1133297f7f5468579283f86,812,,2.39,5023
ansible__ansible,instance_ansible__ansible-f327e65d11bb905ed9f15996024f857a95592629-vba6da65a0f3baefda7a058ebbd0a8dcafb8512f5,3396,,1.73,5052
ansible__ansible,instance_ansible__ansible-935528e22e5283ee3f63a8772830d3d01f55ed8c-vba6da65a0f3baefda7a058ebbd0a8dcafb8512f5,13921,,0.65,5137
ansible__ansible,instance_ansible__ansible-39bd8b99ec8c6624207bf3556ac7f9626dad9173-v1055803c3a812189a1133297f7f5468579283f86,458065,,0.66,4797
ansible__ansible,instance_ansible__ansible-29aea9ff3466e4cd2ed00524b9e56738d568ce8b-vba6da65a0f3baefda7a058ebbd0a8dcafb8512f5,458518,,0.8,4825
ansible__ansible,instance_ansible__ansible-185d41031660a676c43fbb781cd1335902024bfe-vba6da65a0f3baefda7a058ebbd0a8dcafb8512f5,459505,,1.99,4862
ansible__ansible,instance_ansible__ansible-1bd7dcf339dd8b6c50bc16670be2448a206f4fdb-vba6da65a0f3baefda7a058ebbd0a8dcafb8512f5,542,,0.61,5014
ansible__ansible,instance_ansible__ansible-502270c804c33d3bc963930dc85e0f4ca359674d-v7eee2454f617569fd6889f2211f75bc02a35f9f8,1234,,0.51,5027
ansible__ansible,instance_ansible__ansible-5640093f1ca63fd6af231cc8a7fb7d40e1907b8c-vba6da65a0f3baefda7a058ebbd0a8dcafb8512f5,1972,,1.38,5031
ansible__ansible,instance_ansible__ansible-9a21e247786ebd294dafafca1105fcd770ff46c6-v67cdaa49f89b34e42b69d5b7830b3c3ad3d8803f,4841,,0.75,5072
ansible__ansible,instance_ansible__ansible-cd473dfb2fdbc97acf3293c134b21cbbcfa89ec3-vba6da65a0f3baefda7a058ebbd0a8dcafb8512f5,9592,,0.59,5107
ansible__ansible,instance_ansible__ansible-415e08c2970757472314e515cb63a51ad825c45e-v7eee2454f617569fd6889f2211f75bc02a35f9f8,15259,,1.06,5135
ansible__ansible,instance_ansible__ansible-de01db08d00c8d2438e1ba5989c313ba16a145b0-vba6da65a0f3baefda7a058ebbd0a8dcafb8512f5,26039,,1.48,5265
ansible__ansible,instance_ansible__ansible-12734fa21c08a0ce8c84e533abdc560db2eb1955-v7eee2454f617569fd6889f2211f75bc02a35f9f8,26063,,0.88,5266
ansible__ansible,instance_ansible__ansible-395e5e20fab9cad517243372fa3c3c5d9e09ab2a-v7eee2454f617569fd6889f2211f75bc02a35f9f8,508232,,0.41,4960
ansible__ansible,instance_ansible__ansible-5c225dc0f5bfa677addeac100a8018df3f3a9db1-v173091e2e36d38c978002990795f66cfc0af30ad,508826,,0.68,4986
ansible__ansible,instance_ansible__ansible-ed6581e4db2f1bec5a772213c3e186081adc162d-v0f01c69f1e2528b935359cfe578530722bca2c59,3787,,0.86,5045
ansible__ansible,instance_ansible__ansible-9142be2f6cabbe6597c9254c5bb9186d17036d55-v0f01c69f1e2528b935359cfe578530722bca2c59,6963,,0.65,5089
ansible__ansible,instance_ansible__ansible-3889ddeb4b780ab4bac9ca2e75f8c1991bcabe83-v0f01c69f1e2528b935359cfe578530722bca2c59,9792,,0.87,5109
ansible__ansible,instance_ansible__ansible-5e369604e1930b1a2e071fecd7ec5276ebd12cb1-v0f01c69f1e2528b935359cfe578530722bca2c59,16639,,0.6,5140
ansible__ansible,instance_ansible__ansible-a6e671db25381ed111bbad0ab3e7d97366395d05-v0f01c69f1e2528b935359cfe578530722bca2c59,24685,,0.47,5206
ansible__ansible,instance_ansible__ansible-d58e69c82d7edd0583dd8e78d76b075c33c3151e-v173091e2e36d38c978002990795f66cfc0af30ad,24776,,1.0,5209
ansible__ansible,instance_ansible__ansible-811093f0225caa4dd33890933150a81c6a6d5226-v1055803c3a812189a1133297f7f5468579283f86,37969,,2.16,5345
ansible__ansible,instance_ansible__ansible-d2f80991180337e2be23d6883064a67dcbaeb662-vba6da65a0f3baefda7a058ebbd0a8dcafb8512f5,40634,,0.69,5369
ansible__ansible,instance_ansible__ansible-deb54e4c5b32a346f1f0b0a14f1c713d2cc2e961-vba6da65a0f3baefda7a058ebbd0a8dcafb8512f5,41990,,0.72,5378
ansible__ansible,instance_ansible__ansible-b8025ac160146319d2b875be3366b60c852dd35d-v0f01c69f1e2528b935359cfe578530722bca2c59,53274,,1.07,5468
ansible__ansible,instance_ansible__ansible-a26c325bd8f6e2822d9d7e62f77a424c1db4fbf6-v0f01c69f1e2528b935359cfe578530722bca2c59,53819,,0.83,5474
ansible__ansible,instance_ansible__ansible-a02e22e902a69aeb465f16bf03f7f5a91b2cb828-vba6da65a0f3baefda7a058ebbd0a8dcafb8512f5,57258,,0.8,5501
ansible__ansible,instance_ansible__ansible-11c1777d56664b1acb56b387a1ad6aeadef1391d-v0f01c69f1e2528b935359cfe578530722bca2c59,44752,,0.97,5410
ansible__ansible,instance_ansible__ansible-5d253a13807e884b7ce0b6b57a963a45e2f0322c-v1055803c3a812189a1133297f7f5468579283f86,50112,,0.76,5422
ansible__ansible,instance_ansible__ansible-379058e10f3dbc0fdcaf80394bd09b18927e7d33-v1055803c3a812189a1133297f7f5468579283f86,68828,,1.17,5554
ansible__ansible,instance_ansible__ansible-42355d181a11b51ebfc56f6f4b3d9c74e01cb13b-v1055803c3a812189a1133297f7f5468579283f86,87472,,0.91,5646
ansible__ansible,instance_ansible__ansible-0fd88717c953b92ed8a50495d55e630eb5d59166-vba6da65a0f3baefda7a058ebbd0a8dcafb8512f5,87673,,0.6,5653
ansible__ansible,instance_ansible__ansible-748f534312f2073a25a87871f5bd05882891b8c4-v0f01c69f1e2528b935359cfe578530722bca2c59,63913,,1.0,5521
ansible__ansible,instance_ansible__ansible-a7d2a4e03209cff1e97e59fd54bb2b05fdbdbec6-v0f01c69f1e2528b935359cfe578530722bca2c59,86353,,0.67,5624
ansible__ansible,instance_ansible__ansible-a1569ea4ca6af5480cf0b7b3135f5e12add28a44-v0f01c69f1e2528b935359cfe578530722bca2c59,3199,,0.64,5028
ansible__ansible,instance_ansible__ansible-0ea40e09d1b35bcb69ff4d9cecf3d0defa4b36e8-v30a923fb5c164d6cd18280c02422f75e611e8fb2,395349,,0.68,4913
ansible__ansible,instance_ansible__ansible-bec27fb4c0a40c5f8bbcf26a475704227d65ee73-v30a923fb5c164d6cd18280c02422f75e611e8fb2,5928,,0.85,5068
ansible__ansible,instance_ansible__ansible-942424e10b2095a173dbd78e7128f52f7995849b-v30a923fb5c164d6cd18280c02422f75e611e8fb2,9636,,0.97,5088
ansible__ansible,instance_ansible__ansible-e0c91af45fa9af575d10fd3e724ebc59d2b2d6ac-v30a923fb5c164d6cd18280c02422f75e611e8fb2,11269,,0.67,5098
ansible__ansible,instance_ansible__ansible-3b823d908e8a5d17674f8c26d337d3114b7493b1-v0f01c69f1e2528b935359cfe578530722bca2c59,12670,,1.08,5104
ansible__ansible,instance_ansible__ansible-5f4e332e3762999d94af27746db29ff1729252c1-v0f01c69f1e2528b935359cfe578530722bca2c59,15891,,2.36,5129
ansible__ansible,instance_ansible__ansible-cd9c4eb5a6b2bfaf4a6709f001ce3d0c92c1eed2-v0f01c69f1e2528b935359cfe578530722bca2c59,1465,,0.74,5008
ansible__ansible,instance_ansible__ansible-949c503f2ef4b2c5d668af0492a5c0db1ab86140-v0f01c69f1e2528b935359cfe578530722bca2c59,3164,,0.45,5037
ansible__ansible,instance_ansible__ansible-e64c6c1ca50d7d26a8e7747d8eb87642e767cd74-v0f01c69f1e2528b935359cfe578530722bca2c59,5111,,0.91,5061
ansible__ansible,instance_ansible__ansible-b2a289dcbb702003377221e25f62c8a3608f0e89-v173091e2e36d38c978002990795f66cfc0af30ad,5222,,0.6,5063
ansible__ansible,instance_ansible__ansible-d62496fe416623e88b90139dc7917080cb04ce70-v0f01c69f1e2528b935359cfe578530722bca2c59,5938,,0.74,5067
ansible__ansible,instance_ansible__ansible-d9f1866249756efc264b00ff7497e92c11a9885f-v0f01c69f1e2528b935359cfe578530722bca2c59,8432,,2.79,5084
ansible__ansible,instance_ansible__ansible-b5e0293645570f3f404ad1dbbe5f006956ada0df-v0f01c69f1e2528b935359cfe578530722bca2c59,15805,,0.35,5125
ansible__ansible,instance_ansible__ansible-1a4644ff15355fd696ac5b9d074a566a80fe7ca3-v30a923fb5c164d6cd18280c02422f75e611e8fb2,18401,,2.06,5143
ansible__ansible,instance_ansible__ansible-40ade1f84b8bb10a63576b0ac320c13f57c87d34-v6382ea168a93d80a64aab1fbd8c4f02dc5ada5bf,19907,,1.15,5157
ansible__ansible,instance_ansible__ansible-d6d2251929c84c3aa883bad7db0f19cc9ff0339e-v30a923fb5c164d6cd18280c02422f75e611e8fb2,3170,,0.35,5029
ansible__ansible,instance_ansible__ansible-106909db8b730480615f4a33de0eb5b710944e78-v0f01c69f1e2528b935359cfe578530722bca2c59,13794,,0.7,5113
ansible__ansible,instance_ansible__ansible-f86c58e2d235d8b96029d102c71ee2dfafd57997-v0f01c69f1e2528b935359cfe578530722bca2c59,16075,,0.99,5133
ansible__ansible,instance_ansible__ansible-e9e6001263f51103e96e58ad382660df0f3d0e39-v30a923fb5c164d6cd18280c02422f75e611e8fb2,21374,,0.48,5177
ansible__ansible,instance_ansible__ansible-8127abbc298cabf04aaa89a478fc5e5e3432a6fc-v30a923fb5c164d6cd18280c02422f75e611e8fb2,24521,,0.95,5194
ansible__ansible,instance_ansible__ansible-6cc97447aac5816745278f3735af128afb255c81-v0f01c69f1e2528b935359cfe578530722bca2c59,56269,,2.09,5481
ansible__ansible,instance_ansible__ansible-d33bedc48fdd933b5abd65a77c081876298e2f07-v0f01c69f1e2528b935359cfe578530722bca2c59,57230,,1.07,5504
ansible__ansible,instance_ansible__ansible-1c06c46cc14324df35ac4f39a45fb3ccd602195d-v0f01c69f1e2528b935359cfe578530722bca2c59,66382,,1.44,5615
element-hq__element-web,instance_element-hq__element-web-33e8edb3d508d6eefb354819ca693b7accc695e7,328510,,0.56,1498
element-hq__element-web,instance_element-hq__element-web-b007ea81b2ccd001b00f332bee65070aa7fc00f9-vnan,339950,,0.56,1543
element-hq__element-web,instance_element-hq__element-web-ec0f940ef0e8e3b61078f145f34dc40d1938e6c5-vnan,353321,,0.59,1585
element-hq__element-web,instance_element-hq__element-web-4c6b0d35add7ae8d58f71ea1711587e31081444b-vnan,355894,,0.56,1608
element-hq__element-web,instance_element-hq__element-web-1216285ed2e82e62f8780b6702aa0f9abdda0b34-vnan,390189,,0.91,1771
element-hq__element-web,instance_element-hq__element-web-582a1b093fc0b77538052f45cbb9c7295f991b51-vnan,402985,,1.12,1814
element-hq__element-web,instance_element-hq__element-web-f14374a51c153f64f313243f2df6ea4971db4e15,447770,,0.58,2114
element-hq__element-web,instance_element-hq__element-web-9bf77963ee5e036d54b2a3ca202fbf6378464a5e-vnan,459016,,0.61,2266
element-hq__element-web,instance_element-hq__element-web-4fec436883b601a3cac2d4a58067e597f737b817-vnan,466544,,0.52,2295
element-hq__element-web,instance_element-hq__element-web-fe14847bb9bb07cab1b9c6c54335ff22ca5e516a-vnan,472796,,0.64,2325
element-hq__element-web,instance_element-hq__element-web-e15ef9f3de36df7f318c083e485f44e1de8aad17,473327,,0.49,2332
element-hq__element-web,instance_element-hq__element-web-772df3021201d9c73835a626df8dcb6334ad9a3e-vnan,474080,,0.37,2342
element-hq__element-web,instance_element-hq__element-web-776ffa47641c7ec6d142ab4a47691c30ebf83c2e,481866,,0.21,2382
element-hq__element-web,instance_element-hq__element-web-ca8b1b04effb4fec0e1dd3de8e3198eeb364d50e-vnan,487162,,0.37,2428
element-hq__element-web,instance_element-hq__element-web-66d0b318bc6fee0d17b54c1781d6ab5d5d323135-vnan,498448,,0.5,2511
element-hq__element-web,instance_element-hq__element-web-ee13e23b156fbad9369d6a656c827b6444343d4f-vnan,501019,,0.6,2536
element-hq__element-web,instance_element-hq__element-web-18c03daa865d3c5b10e52b669cd50be34c67b2e5-vnan,501312,,0.63,2540
element-hq__element-web,instance_element-hq__element-web-cf3c899dd1f221aa1a1f4c5a80dffc05b9c21c85-vnan,501403,,0.68,2542
element-hq__element-web,instance_element-hq__element-web-7c63d52500e145d6fff6de41dd717f61ab88d02f-vnan,503387,,0.32,2568
element-hq__element-web,instance_element-hq__element-web-459df4583e01e4744a52d45446e34183385442d6-vnan,503496,,0.75,2574
element-hq__element-web,instance_element-hq__element-web-ca58617cee8aa91c93553449bfdf9b3465a5119b-vnan,503649,,1.0,2578
element-hq__element-web,instance_element-hq__element-web-75c2c1a572fa45d1ea1d1a96e9e36e303332ecaa-vnan,503028,,0.65,2578
element-hq__element-web,instance_element-hq__element-web-27139ca68eb075a4438c18fca184887002a4ffbc-vnan,503258,,0.3,2580
element-hq__element-web,instance_element-hq__element-web-dae13ac8522fc6d41e64d1ac6e3174486fdcce0c-vnan,509093,,0.86,2594
element-hq__element-web,instance_element-hq__element-web-ce554276db97b9969073369fefa4950ca8e54f84-vnan,509670,,0.51,2598
element-hq__element-web,instance_element-hq__element-web-6205c70462e0ce2e1e77afb3a70b55d0fdfe1b31-vnan,512409,,0.6,2614
element-hq__element-web,instance_element-hq__element-web-ecfd1736e5dd9808e87911fc264e6c816653e1a9-vnan,517629,,0.61,2651
element-hq__element-web,instance_element-hq__element-web-5dfde12c1c1c0b6e48f17e3405468593e39d9492-vnan,517970,,0.96,2652
element-hq__element-web,instance_element-hq__element-web-6961c256035bed0b7640a6e5907652c806968478-vnan,523330,,0.51,2674
element-hq__element-web,instance_element-hq__element-web-53a9b6447bd7e6110ee4a63e2ec0322c250f08d1-vnan,525970,,0.55,2691
element-hq__element-web,instance_element-hq__element-web-923ad4323b2006b2b180544429455ffe7d4a6cc3-vnan,527418,,0.66,2696
element-hq__element-web,instance_element-hq__element-web-f0359a5c180b8fec4329c77adcf967c8d3b7b787-vnan,530605,,0.57,2724
element-hq__element-web,instance_element-hq__element-web-880428ab94c6ea98d3d18dcaeb17e8767adcb461-vnan,530665,,0.52,2741
element-hq__element-web,instance_element-hq__element-web-ad26925bb6628260cfe0fcf90ec0a8cba381f4a4-vnan,530908,,0.51,2765
element-hq__element-web,instance_element-hq__element-web-aec454dd6feeb93000380523cbb0b3681c0275fd-vnan,538319,,0.87,2800
element-hq__element-web,instance_element-hq__element-web-404c412bcb694f04ba0c4d5479541203d701bca0-vnan,540142,,0.68,2805
element-hq__element-web,instance_element-hq__element-web-5e8488c2838ff4268f39db4a8cca7d74eecf5a7e-vnan,553705,,0.71,2857
element-hq__element-web,instance_element-hq__element-web-f3534b42df3dcfe36dc48bddbf14034085af6d30-vnan,555248,,0.66,2862
element-hq__element-web,instance_element-hq__element-web-53b42e321777a598aaf2bb3eab22d710569f83a8-vnan,561463,,0.53,2888
element-hq__element-web,instance_element-hq__element-web-41dfec20bfe9b62cddbbbf621bef2e9aa9685157-vnan,561677,,0.46,2889
element-hq__element-web,instance_element-hq__element-web-a692fe21811f88d92e8f7047fc615e4f1f986b0f-vnan,565533,,0.66,2907
element-hq__element-web,instance_element-hq__element-web-71fe08ea0f159ccb707904d87f0a4aef205a167c-vnan,571290,,0.54,2932
element-hq__element-web,instance_element-hq__element-web-2760bfc8369f1bee640d6d7a7e910783143d4c5f-vnan,573384,,0.65,2943
element-hq__element-web,instance_element-hq__element-web-9a31cd0fa849da810b4fac6c6c015145e850b282-vnan,574575,,0.55,2944
element-hq__element-web,instance_element-hq__element-web-d405160080bbe804f7e9294067d004a7d4dad9d6-vnan,575786,,0.98,2950
element-hq__element-web,instance_element-hq__element-web-33299af5c9b7a7ec5a9c31d578d4ec5b18088fb7-vnan,576477,,0.22,2957
element-hq__element-web,instance_element-hq__element-web-f63160f38459fb552d00fcc60d4064977a9095a6-vnan,601706,,0.66,3085
element-hq__element-web,instance_element-hq__element-web-494d9de6f0a94ffb491e74744d2735bce02dc0ab-vnan,681290,,0.73,3153
element-hq__element-web,instance_element-hq__element-web-8f3c8b35153d2227af45f32e46bd1e15bd60b71f-vnan,691515,,0.65,3201
element-hq__element-web,instance_element-hq__element-web-72a8f8f03b1a01bb70ef8a5bb61759416991b32c-vnan,694031,,0.7,3207
element-hq__element-web,instance_element-hq__element-web-44b98896a79ede48f5ad7ff22619a39d5f6ff03c-vnan,697185,,0.72,3260
element-hq__element-web,instance_element-hq__element-web-aeabf3b18896ac1eb7ae9757e66ce886120f8309-vnan,705801,,0.93,3398
element-hq__element-web,instance_element-hq__element-web-d06cf09bf0b3d4a0fbe6bd32e4115caea2083168-vnan,705822,,0.82,3396
element-hq__element-web,instance_element-hq__element-web-b7fea97bb68c6628a644580076f840109132f074-vnan,694480,,0.76,3296
element-hq__element-web,instance_element-hq__element-web-56c7fc1948923b4b3f3507799e725ac16bcf8018-vnan,698286,,0.88,3327
element-hq__element-web,instance_element-hq__element-web-1077729a19c0ce902e713cf6fab42c91fb7907f1-vnan,713485,,0.48,3426
flipt-io__flipt,instance_flipt-io__flipt-406f9396ad65696d58865b3a6283109cd4eaf40e,43961,,0.28,223
flipt-io__flipt,instance_flipt-io__flipt-f1bc91a1b999656dbdb2495ccb57bf2105b84920,44486,,0.2,226
flipt-io__flipt,instance_flipt-io__flipt-c154dd1a3590954dfd3b901555fc6267f646a289,51094,,0.18,244
flipt-io__flipt,instance_flipt-io__flipt-5ffba3406a7993d97ced4cc13658bee66150fcca,51204,,0.17,245
flipt-io__flipt,instance_flipt-io__flipt-f808b4dd6e36b9dc8b011eb26b196f4e2cc64c41,52258,,0.58,249
flipt-io__flipt,instance_flipt-io__flipt-e42da21a07a5ae35835ec54f74004ebd58713874,101442,,0.33,480
flipt-io__flipt,instance_flipt-io__flipt-cf06f4ebfab7fa21eed3e5838592e8e44566957f,103425,,0.32,489
flipt-io__flipt,instance_flipt-io__flipt-e91615cf07966da41756017a7d571f9fc0fdbe80,104531,,0.31,507
flipt-io__flipt,instance_flipt-io__flipt-65581fef4aa807540cb933753d085feb0d7e736f,75768,,0.2,318
flipt-io__flipt,instance_flipt-io__flipt-5c7037ececb0bead0a8eb56054e224bcd7ac5922,110080,,0.17,336
flipt-io__flipt,instance_flipt-io__flipt-21a935ad7886cc50c46852be21b37f363a926af0,110475,,0.36,336
flipt-io__flipt,instance_flipt-io__flipt-9f8127f225a86245fa35dca4885c2daef824ee55,111798,,0.32,352
flipt-io__flipt,instance_flipt-io__flipt-967855b429f749c28c112b8cb1b15bc79157f973,94928,,0.3,360
flipt-io__flipt,instance_flipt-io__flipt-b2cd6a6dd73ca91b519015fd5924fde8d17f3f06,102003,,0.25,407
flipt-io__flipt,instance_flipt-io__flipt-518ec324b66a07fdd95464a5e9ca5fe7681ad8f9,102104,,0.32,407
flipt-io__flipt,instance_flipt-io__flipt-6fe76d024ee0c50ddb09c86f4ae0bd4c208fd65f,103566,,0.25,430
flipt-io__flipt,instance_flipt-io__flipt-756f00f79ba8abf9fe53f3c6c818123b42eb7355,104991,,0.38,434
flipt-io__flipt,instance_flipt-io__flipt-292fdaca9be39e6a921aaa8874c011d0fdd3e874,105033,,0.13,435
flipt-io__flipt,instance_flipt-io__flipt-ee02b164f6728d3227c42671028c67a4afd36918,105286,,0.16,444
flipt-io__flipt,instance_flipt-io__flipt-a42d38a1bb1df267c53d9d4a706cf34825ae3da9,105458,,0.36,446
flipt-io__flipt,instance_flipt-io__flipt-5af0757e96dec4962a076376d1bedc79de0d4249,59419,,0.34,371
flipt-io__flipt,instance_flipt-io__flipt-af7a0be46d15f0b63f16a868d13f3b48a838e7ce,60695,,0.34,393
flipt-io__flipt,instance_flipt-io__flipt-b433bd05ce405837804693bebd5f4b88d87133c8,62201,,0.34,401
flipt-io__flipt,instance_flipt-io__flipt-b6cef5cdc0daff3ee99e5974ed60a1dc6b4b0d67,62420,,0.33,405
flipt-io__flipt,instance_flipt-io__flipt-0fd09def402258834b9d6c0eaa6d3b4ab93b4446,62516,,0.22,405
flipt-io__flipt,instance_flipt-io__flipt-ebb3f84c74d61eee4d8c6875140b990eee62e146,63805,,0.29,412
flipt-io__flipt,instance_flipt-io__flipt-e50808c03e4b9d25a6a78af9c61a3b1616ea356b,127515,,0.25,599
flipt-io__flipt,instance_flipt-io__flipt-c6a7b1fd933e763b1675281b30077e161fa115a1,150923,,0.23,629
flipt-io__flipt,instance_flipt-io__flipt-c1728053367c753688f114ec26e703c8fdeda125,151076,,0.21,631
flipt-io__flipt,instance_flipt-io__flipt-cd18e54a0371fa222304742c6312e9ac37ea86c1,171726,,0.25,640
flipt-io__flipt,instance_flipt-io__flipt-c12967bc73fdf02054cf3ef8498c05e25f0a18c0,169735,,0.21,641
flipt-io__flipt,instance_flipt-io__flipt-f36bd61fb1cee4669de1f00e59da462bfeae8765,169778,,0.32,641
flipt-io__flipt,instance_flipt-io__flipt-abaa5953795afb9c621605bb18cb32ac48b4508c,200982,,0.29,743
flipt-io__flipt,instance_flipt-io__flipt-492cc0b158200089dceede3b1aba0ed28df3fb1d,200995,,0.23,745
flipt-io__flipt,instance_flipt-io__flipt-524f277313606f8cd29b299617d6565c01642e15,203631,,0.24,752
flipt-io__flipt,instance_flipt-io__flipt-e2bd19dafa7166c96b082fb2a59eb54b4be0d778,204478,,0.31,762
flipt-io__flipt,instance_flipt-io__flipt-f743945d599b178293e89e784b3b2374b1026430,207966,,0.26,777
flipt-io__flipt,instance_flipt-io__flipt-56a620b8fc9ef7a0819b47709aa541cdfdbba00b,209104,,0.25,783
flipt-io__flipt,instance_flipt-io__flipt-29d3f9db40c83434d0e3cc082af8baec64c391a9,209371,,0.25,788
flipt-io__flipt,instance_flipt-io__flipt-c8d71ad7ea98d97546f01cce4ccb451dbcf37d3b,209551,,0.22,788
flipt-io__flipt,instance_flipt-io__flipt-b2170346dc37cf42fda1386cd630f24821ad2ac5,209849,,0.26,796
flipt-io__flipt,instance_flipt-io__flipt-7161f7b876773a911afdd804b281e52681cb7321,209883,,0.31,796
flipt-io__flipt,instance_flipt-io__flipt-36e62baffae2132f78f9d34dc300a9baa2d7ae0e,210827,,0.23,808
flipt-io__flipt,instance_flipt-io__flipt-72d06db14d58692bfb4d07b1aa745a37b35956f3,215311,,0.21,836
flipt-io__flipt,instance_flipt-io__flipt-e88e93990e3ec1e7697754b423decc510d5dd5fe,216062,,0.23,838
flipt-io__flipt,instance_flipt-io__flipt-6fd0f9e2587f14ac1fdd1c229f0bcae0468c8daa,216432,,0.28,847
flipt-io__flipt,instance_flipt-io__flipt-e5fe37c379e1eec2dd3492c5737c0be761050b26,216924,,0.43,850
flipt-io__flipt,instance_flipt-io__flipt-b22f5f02e40b225b6b93fff472914973422e97c6,218061,,0.21,881
flipt-io__flipt,instance_flipt-io__flipt-84806a178447e766380cc66b14dee9c6eeb534f4,218432,,0.25,884
flipt-io__flipt,instance_flipt-io__flipt-cd2f3b0a9d4d8b8a6d3d56afab65851ecdc408e8,217630,,0.21,889
flipt-io__flipt,instance_flipt-io__flipt-381b90f718435c4694380b5fcd0d5cf8e3b5a25a,218137,,0.18,890
flipt-io__flipt,instance_flipt-io__flipt-5aef5a14890aa145c22d864a834694bae3a6f112,221312,,0.26,897
flipt-io__flipt,instance_flipt-io__flipt-dbe263961b187e1c5d7fe34c65b000985a2da5a0,220485,,0.39,915
flipt-io__flipt,instance_flipt-io__flipt-c1fd7a81ef9f23e742501bfb26d914eb683262aa,220751,,0.25,915
flipt-io__flipt,instance_flipt-io__flipt-15b76cada1ef29cfa56b0fba36754be36243dded,220379,,0.26,921
flipt-io__flipt,instance_flipt-io__flipt-e594593dae52badf80ffd27878d2275c7f0b20e9,224400,,0.32,931
flipt-io__flipt,instance_flipt-io__flipt-690672523398c2b6f6e4562f0bf9868664ab894f,227654,,0.37,969
flipt-io__flipt,instance_flipt-io__flipt-2ce8a0331e8a8f63f2c1b555db8277ffe5aa2e63,228975,,0.15,976
flipt-io__flipt,instance_flipt-io__flipt-2eac0df47b5ecc8bb05002d80383ceb08ab3620a,230415,,0.14,979
flipt-io__flipt,instance_flipt-io__flipt-40007b9d97e3862bcef8c20ae6c87b22ea0627f0,230638,,0.19,977
flipt-io__flipt,instance_flipt-io__flipt-b4bb5e13006a729bc0eed8fe6ea18cff54acdacb,231026,,0.28,978
flipt-io__flipt,instance_flipt-io__flipt-c188284ff0c094a4ee281afebebd849555ebee59,230996,,0.26,986
flipt-io__flipt,instance_flipt-io__flipt-0b119520afca1cf25c470ff4288c464d4510b944,228521,,0.19,993
flipt-io__flipt,instance_flipt-io__flipt-3d5a345f94c2adc8a0eaa102c189c08ad4c0f8e8,228834,,0.24,995
flipt-io__flipt,instance_flipt-io__flipt-2ca5dfb3513e4e786d2b037075617cccc286d5c3,229545,,0.28,1000
flipt-io__flipt,instance_flipt-io__flipt-d966559200183b713cdf3ea5007a7e0ba86a5afb,230848,,0.36,1008
flipt-io__flipt,instance_flipt-io__flipt-96820c3ad10b0b2305e8877b6b303f7fafdf815f,230861,,0.42,1008
flipt-io__flipt,instance_flipt-io__flipt-02e21636c58e86c51119b63e0fb5ca7b813b07b1,233084,,0.16,1025
flipt-io__flipt,instance_flipt-io__flipt-3ef34d1fff012140ba86ab3cafec8f9934b492be,235871,,0.18,1058
flipt-io__flipt,instance_flipt-io__flipt-a0cbc0cb65ae601270bdbe3f5313e2dfd49c80e4,237492,,0.31,1064
flipt-io__flipt,instance_flipt-io__flipt-05d7234fa582df632f70a7cd10194d61bd7043b9,239912,,0.19,1105
flipt-io__flipt,instance_flipt-io__flipt-dae029cba7cdb98dfb1a6b416c00d324241e6063,241806,,0.25,1112
flipt-io__flipt,instance_flipt-io__flipt-9d25c18b79bc7829a6fb08ec9e8793d5d17e2868,242708,,0.27,1121
flipt-io__flipt,instance_flipt-io__flipt-8bd3604dc54b681f1f0f7dd52cbc70b3024184b6,248499,,0.31,1092
flipt-io__flipt,instance_flipt-io__flipt-507170da0f7f4da330f6732bffdf11c4df7fc192,249067,,0.32,1094
flipt-io__flipt,instance_flipt-io__flipt-b3cd920bbb25e01fdb2dab66a5a913363bc62f6c,248841,,0.4,1092
flipt-io__flipt,instance_flipt-io__flipt-b2393f07d893024ab1e47ea2081e0289e1f9d56f,259252,,0.34,1123
flipt-io__flipt,instance_flipt-io__flipt-3b2c25ee8a3ac247c3fad13ad8d64ace34ec8ee7,258183,,0.42,1127
flipt-io__flipt,instance_flipt-io__flipt-1737085488ecdcd3299c8e61af45a8976d457b7e,261144,,0.37,1131
flipt-io__flipt,instance_flipt-io__flipt-ea9a2663b176da329b3f574da2ce2a664fc5b4a1,263152,,0.34,1148
flipt-io__flipt,instance_flipt-io__flipt-1dceb5edf3fa8f39495b939ef9cc0c3dd38fa17d,282974,,0.34,1153
flipt-io__flipt,instance_flipt-io__flipt-86906cbfc3a5d3629a583f98e6301142f5f14bdb-v6bea0cc3a6fc532d7da914314f2944fc1cd04dee,283592,,0.37,1155
flipt-io__flipt,instance_flipt-io__flipt-aebaecd026f752b187f11328b0d464761b15d2ab,282512,,0.33,1153
flipt-io__flipt,instance_flipt-io__flipt-b68b8960b8a08540d5198d78c665a7eb0bea4008,282033,,0.33,1150
flipt-io__flipt,instance_flipt-io__flipt-db1c3b100e231c62f0c90c2ab037614f20a2a63b,282206,,0.36,1151
future-architect__vuls,instance_future-architect__vuls-9aa0d87a21bede91c2b45c32187456bb69455e92,45263,,0.11,153
future-architect__vuls,instance_future-architect__vuls-8d5ea98e50cf616847f4e5a2df300395d1f719e9,45978,,0.15,160
future-architect__vuls,instance_future-architect__vuls-d18e7a751d07260d75ce3ba0cd67c4a6aebfd967,46097,,0.12,161
future-architect__vuls,instance_future-architect__vuls-36456cb151894964ba1683ce7da5c35ada789970,52267,,0.14,167
future-architect__vuls,instance_future-architect__vuls-c11ba27509f733d7d280bdf661cbbe2e7a99df4c,52395,,0.16,167
future-architect__vuls,instance_future-architect__vuls-4b680b996061044e93ef5977a081661665d3360a,44770,,0.15,153
future-architect__vuls,instance_future-architect__vuls-83bcca6e669ba2e4102f26c4a2b52f78c7861f1a,44857,,0.15,153
future-architect__vuls,instance_future-architect__vuls-edb324c3d9ec3b107bf947f00e38af99d05b3e16,45274,,0.15,153
future-architect__vuls,instance_future-architect__vuls-3f8de0268376e1f0fa6d9d61abb0d9d3d580ea7d,45480,,0.08,153
future-architect__vuls,instance_future-architect__vuls-9a32a94806b54141b7ff12503c48da680ebcf199,45654,,0.14,157
future-architect__vuls,instance_future-architect__vuls-d576b6c6c15e56c47cc3e26f5878867677d4a9ea,45933,,0.1,159
future-architect__vuls,instance_future-architect__vuls-aaea15e516ece43978cf98e09e52080478b1d39f,45619,,0.13,157
future-architect__vuls,instance_future-architect__vuls-6eff6a9329a65cc412e79b8f82444dfa3d0f0b5a,45640,,0.13,157
future-architect__vuls,instance_future-architect__vuls-3c1489e588dacea455ccf4c352a3b1006902e2d4,46325,,0.1,175
future-architect__vuls,instance_future-architect__vuls-4c04acbd9ea5b073efe999e33381fa9f399d6f27,46163,,0.12,175
future-architect__vuls,instance_future-architect__vuls-abd80417728b16c6502067914d27989ee575f0ee,46564,,0.12,175
future-architect__vuls,instance_future-architect__vuls-e3c27e1817d68248043bd09d63cc31f3344a6f2c,46649,,0.12,175
future-architect__vuls,instance_future-architect__vuls-54e73c2f5466ef5daec3fb30922b9ac654e4ed25,46517,,0.15,174
future-architect__vuls,instance_future-architect__vuls-17ae386d1e185ba742eea4668ca77642e22b54c4,97442,,0.11,179
future-architect__vuls,instance_future-architect__vuls-7eb77f5b5127c847481bcf600b4dca2b7a85cf3e,69304,,0.13,177
future-architect__vuls,instance_future-architect__vuls-b8db2e0b74f60cb7d45f710f255e061f054b6afc,120999,,0.17,188
future-architect__vuls,instance_future-architect__vuls-f0b3a8b1db98eb1bd32685f1c36c41a99c3452ed,122380,,0.12,193
future-architect__vuls,instance_future-architect__vuls-4a72295de7b91faa59d90a5bee91535bbe76755d,123295,,0.12,195
future-architect__vuls,instance_future-architect__vuls-8659668177f1feb65963db7a967347a79c5f9c40,119388,,0.13,198
future-architect__vuls,instance_future-architect__vuls-2923cbc645fbc7a37d50398eb2ab8febda8c3264,48205,,0.1,185
future-architect__vuls,instance_future-architect__vuls-fe8d252c51114e922e6836055ef86a15f79ad042,48628,,0.14,186
future-architect__vuls,instance_future-architect__vuls-fd18df1dd4e4360f8932bc4b894bd8b40d654e7c,48582,,0.11,188
future-architect__vuls,instance_future-architect__vuls-cc63a0eccfdd318e67c0a6edeffc7bf09b6025c0,48580,,0.09,188
future-architect__vuls,instance_future-architect__vuls-86b60e1478e44d28b1aff6b9ac7e95ceb05bc5fc,50943,,0.12,188
future-architect__vuls,instance_future-architect__vuls-999529a05b202b0fd29c6fca5039a4c47a3766bb,55431,,0.15,190
future-architect__vuls,instance_future-architect__vuls-139f3a81b66c47e6d8f70ce6c4afe7a9196a6ea8,55821,,0.12,190
future-architect__vuls,instance_future-architect__vuls-ca3f6b1dbf2cd24d1537bfda43e788443ce03a0c,56081,,0.14,190
future-architect__vuls,instance_future-architect__vuls-ad2edbb8448e2c41a097f1c0b52696c0f6c5924d,60525,,0.14,192
future-architect__vuls,instance_future-architect__vuls-73f0adad95c4d227e2ccfa876c85cc95dd065e13,60354,,0.14,192
future-architect__vuls,instance_future-architect__vuls-6682232b5c8a9d08c0e9f15bd90d41bff3875adc,60035,,0.12,192
future-architect__vuls,instance_future-architect__vuls-457a3a9627fb9a0800d0aecf1d4713fb634a9011,68479,,0.11,209
future-architect__vuls,instance_future-architect__vuls-f6509a537660ea2bce0e57958db762edd3a36702,69363,,0.15,214
future-architect__vuls,instance_future-architect__vuls-01441351c3407abfc21c48a38e28828e1b504e0c,69570,,0.17,215
future-architect__vuls,instance_future-architect__vuls-78b52d6a7f480bd610b692de9bf0c86f57332f23,69875,,0.09,215
future-architect__vuls,instance_future-architect__vuls-1832b4ee3a20177ad313d806983127cb6e53f5cf,69964,,0.11,215
future-architect__vuls,instance_future-architect__vuls-7e91f5ef7e5712b1a3d7d5066ad6607e9debc21c,70758,,0.09,217
future-architect__vuls,instance_future-architect__vuls-dc496468b9e9fb73371f9606cdcdb0f8e12e70ca,72499,,0.12,220
future-architect__vuls,instance_future-architect__vuls-be7b9114cc9545e68fb0ee7bc63d7ec53d1a00ad,72197,,0.15,223
future-architect__vuls,instance_future-architect__vuls-e1df74cbc1a1d1889428b3333a3b2405c4651993,72260,,0.08,223
future-architect__vuls,instance_future-architect__vuls-50580f6e98eeb36f53f27222f7f4fdfea0b21e8d,72320,,0.13,223
future-architect__vuls,instance_future-architect__vuls-ef2be3d6ea4c0a13674aaab08b182eca4e2b9a17-v264a82e2f4818e30f5a25e4da53b27ba119f62b5,73005,,0.14,224
future-architect__vuls,instance_future-architect__vuls-61c39637f2f3809e1b5dad05f0c57c799dce1587,73061,,0.08,224
future-architect__vuls,instance_future-architect__vuls-e4728e388120b311c4ed469e4f942e0347a2689b-v264a82e2f4818e30f5a25e4da53b27ba119f62b5,73221,,0.13,224
future-architect__vuls,instance_future-architect__vuls-878c25bf5a9c9fd88ac32eb843f5636834d5712d,73412,,0.13,224
future-architect__vuls,instance_future-architect__vuls-407407d306e9431d6aa0ab566baa6e44e5ba2904,74184,,0.12,224
future-architect__vuls,instance_future-architect__vuls-5af1a227339e46c7abf3f2815e4c636a0c01098e,75597,,0.12,224
future-architect__vuls,instance_future-architect__vuls-e1fab805afcfc92a2a615371d0ec1e667503c254-v264a82e2f4818e30f5a25e4da53b27ba119f62b5,75905,,0.08,224
future-architect__vuls,instance_future-architect__vuls-436341a4a522dc83eb8bddd1164b764c8dd6bc45,76256,,0.1,224
future-architect__vuls,instance_future-architect__vuls-a76302c11174ca081f656c63a000ffa746e350af,77209,,0.15,224
future-architect__vuls,instance_future-architect__vuls-e049df50fa1eecdccc5348e27845b5c783ed7c76-v73dc95f6b90883d8a87e01e5e9bb6d3cc32add6d,77593,,0.11,224
future-architect__vuls,instance_future-architect__vuls-e6c0da61324a0c04026ffd1c031436ee2be9503a,77921,,0.11,224
future-architect__vuls,instance_future-architect__vuls-030b2e03525d68d74cb749959aac2d7f3fc0effa,78848,,0.16,226
future-architect__vuls,instance_future-architect__vuls-2c84be80b65d022c262956cd26fc79d8bb2f7010,79485,,0.1,226
future-architect__vuls,instance_future-architect__vuls-0ec945d0510cdebf92cdd8999f94610772689f14,79570,,0.11,226
future-architect__vuls,instance_future-architect__vuls-f6cc8c263dc00329786fa516049c60d4779c4a07,81699,,0.1,230
future-architect__vuls,instance_future-architect__vuls-e52fa8d6ed1d23e36f2a86e5d3efe9aa057a1b0d,88176,,0.14,237
future-architect__vuls,instance_future-architect__vuls-bff6b7552370b55ff76d474860eead4ab5de785a-v1151a6325649aaf997cd541ebe533b53fddf1b07,88347,,0.16,237
gravitational__teleport,instance_gravitational__teleport-37c3724d0d6637e959e39408ee351565d73afe71-vee9b09fb20c43af7e520f57e9239bbcf46b7113d,3724,,0.75,5025
gravitational__teleport,instance_gravitational__teleport-0cb341c926713bdfcbb490c69659a9b101df99eb,3724,,1.68,5025
gravitational__teleport,instance_gravitational__teleport-6a14edcf1ff010172fdbac622d0a474ed6af46de,13691,,2.22,5084
gravitational__teleport,instance_gravitational__teleport-ba6c4a135412c4296dd5551bd94042f0dc024504-v626ec2a48416b10a88641359a169d99e935ff037,13941,,2.13,5087
gravitational__teleport,instance_gravitational__teleport-3587cca7840f636489449113969a5066025dd5bf,13941,,2.45,5087
gravitational__teleport,instance_gravitational__teleport-bb69574e02bd62e5ccd3cebb25e1c992641afb2a,111244,,3.28,5583
gravitational__teleport,instance_gravitational__teleport-1330415d33a27594c948a36d9d7701f496229e9f,111244,,1.37,5583
gravitational__teleport,instance_gravitational__teleport-46a13210519461c7cec8d643bfbe750265775b41,113703,,1.51,5596
gravitational__teleport,instance_gravitational__teleport-c1b1c6a1541c478d7777a48fca993cc8206c73b9,315533,,0.87,5808
gravitational__teleport,instance_gravitational__teleport-ac2fb2f9b4fd1896b554d3011df23d3d71295779,328306,,2.11,5830
gravitational__teleport,instance_gravitational__teleport-fd2959260ef56463ad8afa4c973f47a50306edd4,328573,,2.61,5832
gravitational__teleport,instance_gravitational__teleport-dd3977957a67bedaf604ad6ca255ba8c7b6704e9,463052,,1.32,6148
gravitational__teleport,instance_gravitational__teleport-e6681abe6a7113cfd2da507f05581b7bdf398540-v626ec2a48416b10a88641359a169d99e935ff037,463052,,0.82,6148
gravitational__teleport,instance_gravitational__teleport-6eaaf3a27e64f4ef4ef855bd35d7ec338cf17460-v626ec2a48416b10a88641359a169d99e935ff037,471173,,1.94,6167
gravitational__teleport,instance_gravitational__teleport-3fa6904377c006497169945428e8197158667910-v626ec2a48416b10a88641359a169d99e935ff037,476168,,2.33,6189
gravitational__teleport,instance_gravitational__teleport-96019ce0be7a2c8e36363f359eb7c943b41dde70,478946,,1.55,6201
gravitational__teleport,instance_gravitational__teleport-10123c046e21e1826098e485a4c2212865a49d9f,577291,,2.33,6478
gravitational__teleport,instance_gravitational__teleport-0415e422f12454db0c22316cf3eaa5088d6b6322,595508,,2.95,6528
gravitational__teleport,instance_gravitational__teleport-db89206db6c2969266e664c7c0fb51b70e958b64,595508,,4.08,6528
gravitational__teleport,instance_gravitational__teleport-b5d8169fc0a5e43fee2616c905c6d32164654dc6,786230,,2.36,6830
gravitational__teleport,instance_gravitational__teleport-46aa81b1ce96ebb4ebed2ae53fd78cd44a05da6c-vee9b09fb20c43af7e520f57e9239bbcf46b7113d,786230,,1.46,6830
gravitational__teleport,instance_gravitational__teleport-89f0432ad5dc70f1f6a30ec3a8363d548371a718,786230,,4.44,6830
gravitational__teleport,instance_gravitational__teleport-007235446f85b1cbaef92664c3b3867517250f21,784537,,4.13,6829
gravitational__teleport,instance_gravitational__teleport-3ff75e29fb2153a2637fe7f83e49dc04b1c99c9f,408288,,1.67,5984
gravitational__teleport,instance_gravitational__teleport-b8fbb2d1e90ffcde88ed5fe9920015c1be075788-vee9b09fb20c43af7e520f57e9239bbcf46b7113d,412206,,1.48,5988
gravitational__teleport,instance_gravitational__teleport-5dca072bb4301f4579a15364fcf37cc0c39f7f6c,412966,,1.07,5990
gravitational__teleport,instance_gravitational__teleport-1316e6728a3ee2fc124e2ea0cc6a02044c87a144-v626ec2a48416b10a88641359a169d99e935ff037,418515,,1.04,5996
gravitational__teleport,instance_gravitational__teleport-769b4b5eec7286b7b14e179f2cc52e6b15d2d9f3-v626ec2a48416b10a88641359a169d99e935ff037,418518,,2.06,5996
gravitational__teleport,instance_gravitational__teleport-82185f232ae8974258397e121b3bc2ed0c3729ed-v626ec2a48416b10a88641359a169d99e935ff037,418681,,1.19,5998
gravitational__teleport,instance_gravitational__teleport-326fd1d7be87b03998dbc53bc706fdef90f5065c-v626ec2a48416b10a88641359a169d99e935ff037,440148,,1.57,6060
gravitational__teleport,instance_gravitational__teleport-0ac7334939981cf85b9591ac295c3816954e287e,441404,,1.45,6061
gravitational__teleport,instance_gravitational__teleport-59d39dee5a8a66e5b8a18a9085a199d369b1fba8-v626ec2a48416b10a88641359a169d99e935ff037,600571,,2.1,6493
gravitational__teleport,instance_gravitational__teleport-629dc432eb191ca479588a8c49205debb83e80e2,621454,,1.1,6552
gravitational__teleport,instance_gravitational__teleport-c782838c3a174fdff80cafd8cd3b1aa4dae8beb2,632342,,1.11,6580
gravitational__teleport,instance_gravitational__teleport-f432a71a13e698b6e1c4672a2e9e9c1f32d35c12,632342,,3.24,6580
gravitational__teleport,instance_gravitational__teleport-a95b3ae0667f9e4b2404bf61f51113e6d83f01cd,867861,,2.06,6889
gravitational__teleport,instance_gravitational__teleport-b4e7cd3a5e246736d3fe8d6886af55030b232277,869526,,2.61,6890
gravitational__teleport,instance_gravitational__teleport-fb0ab2b9b771377a689fd0d0374777c251e58bbf,923525,,1.18,6995
gravitational__teleport,instance_gravitational__teleport-4d0117b50dc8cdb91c94b537a4844776b224cd3d,923621,,2.52,6997
gravitational__teleport,instance_gravitational__teleport-288c5519ce0dec9622361a5e5d6cd36aa2d9e348,929842,,2.11,7077
gravitational__teleport,instance_gravitational__teleport-eda668c30d9d3b56d9c69197b120b01013611186,1140982,,2.95,7915
gravitational__teleport,instance_gravitational__teleport-78b0d8c72637df1129fb6ff84fc49ef4b5ab1288,1087282,,2.78,7755
gravitational__teleport,instance_gravitational__teleport-c335534e02de143508ebebc7341021d7f8656e8f,1101293,,2.61,7792
gravitational__teleport,instance_gravitational__teleport-24cafecd8721891092210afc55f6413ab46ca211-vee9b09fb20c43af7e520f57e9239bbcf46b7113d,892363,,0.44,2235
gravitational__teleport,instance_gravitational__teleport-1b08e7d0dbe68fe530a0f08ad408ec198b7c53fc-vee9b09fb20c43af7e520f57e9239bbcf46b7113d,899335,,1.25,2264
gravitational__teleport,instance_gravitational__teleport-ad41b3c15414b28a6cec8c25424a19bfa7abd0e9-vee9b09fb20c43af7e520f57e9239bbcf46b7113d,907704,,1.69,2284
gravitational__teleport,instance_gravitational__teleport-3ff19cf7c41f396ae468797d3aeb61515517edc9-vee9b09fb20c43af7e520f57e9239bbcf46b7113d,952503,,1.36,2484
gravitational__teleport,instance_gravitational__teleport-53814a2d600ccd74c1e9810a567563432b98386e-vce94f93ad1030e3136852817f2423c1b3ac37bc4,983024,,1.75,2517
gravitational__teleport,instance_gravitational__teleport-d873ea4fa67d3132eccba39213c1ca2f52064dcc-vce94f93ad1030e3136852817f2423c1b3ac37bc4,1044467,,1.18,2629
gravitational__teleport,instance_gravitational__teleport-8302d467d160f869b77184e262adbe2fbc95d9ba-vce94f93ad1030e3136852817f2423c1b3ac37bc4,1051456,,1.46,2655
gravitational__teleport,instance_gravitational__teleport-65438e6e44b6ce51458d09b7bb028a2797cfb0ea-vce94f93ad1030e3136852817f2423c1b3ac37bc4,1086252,,0.87,2752
gravitational__teleport,instance_gravitational__teleport-0ecf31de0e98b272a6a2610abe1bbedd379a38a3-vce94f93ad1030e3136852817f2423c1b3ac37bc4,1089143,,1.4,2756
gravitational__teleport,instance_gravitational__teleport-e6895d8934f6e484341034869901145fbc025e72-vce94f93ad1030e3136852817f2423c1b3ac37bc4,1236463,,2.05,2821
gravitational__teleport,instance_gravitational__teleport-cb712e3f0b06dadc679f895daef8072cae400c26-vee9b09fb20c43af7e520f57e9239bbcf46b7113d,1235420,,1.65,2815
gravitational__teleport,instance_gravitational__teleport-2be514d3c33b0ae9188e11ac9975485c853d98bb-vce94f93ad1030e3136852817f2423c1b3ac37bc4,1242992,,1.2,2839
gravitational__teleport,instance_gravitational__teleport-02d1efb8560a1aa1c72cfb1c08edd8b84a9511b4-vce94f93ad1030e3136852817f2423c1b3ac37bc4,1254812,,1.95,2839
gravitational__teleport,instance_gravitational__teleport-645afa051b65d137654fd0d2d878a700152b305a-vee9b09fb20c43af7e520f57e9239bbcf46b7113d,1276258,,1.71,2903
gravitational__teleport,instance_gravitational__teleport-af5e2517de7d18406b614e413aca61c319312171-vee9b09fb20c43af7e520f57e9239bbcf46b7113d,1281345,,1.18,2928
gravitational__teleport,instance_gravitational__teleport-e6d86299a855687b21970504fbf06f52a8f80c74-vce94f93ad1030e3136852817f2423c1b3ac37bc4,1355222,,1.13,3066
gravitational__teleport,instance_gravitational__teleport-7744f72c6eb631791434b648ba41083b5f6d2278-vce94f93ad1030e3136852817f2423c1b3ac37bc4,1355981,,2.06,3069
gravitational__teleport,instance_gravitational__teleport-4e1c39639edf1ab494dd7562844c8b277b5cfa18-vee9b09fb20c43af7e520f57e9239bbcf46b7113d,1508966,,1.67,3476
gravitational__teleport,instance_gravitational__teleport-73cc189b0e9636d418c4470ecce0d9af5dae2f02-vee9b09fb20c43af7e520f57e9239bbcf46b7113d,1583393,,2.54,3644
gravitational__teleport,instance_gravitational__teleport-3a5c1e26394df2cb4fb3f01147fb9979662972c5-vee9b09fb20c43af7e520f57e9239bbcf46b7113d,1588992,,1.91,3692
gravitational__teleport,instance_gravitational__teleport-d6ffe82aaf2af1057b69c61bf9df777f5ab5635a-vee9b09fb20c43af7e520f57e9239bbcf46b7113d,1598507,,1.58,3714
gravitational__teleport,instance_gravitational__teleport-1a77b7945a022ab86858029d30ac7ad0d5239d00-vee9b09fb20c43af7e520f57e9239bbcf46b7113d,52466,,3.1,5388
gravitational__teleport,instance_gravitational__teleport-b1bcd8b90c474a35bb11cc3ef4cc8941e1f8eab2-vee9b09fb20c43af7e520f57e9239bbcf46b7113d,860681,,2.51,5990
gravitational__teleport,instance_gravitational__teleport-87a593518b6ce94624f6c28516ce38cc30cbea5a,893476,,3.82,6169
gravitational__teleport,instance_gravitational__teleport-47530e1fd8bfb84ec096ebcbbc29990f30829655-vee9b09fb20c43af7e520f57e9239bbcf46b7113d,1048470,,3.2,6609
gravitational__teleport,instance_gravitational__teleport-2bb3bbbd8aff1164a2353381cb79e1dc93b90d28-vee9b09fb20c43af7e520f57e9239bbcf46b7113d,1048563,,1.02,6619
gravitational__teleport,instance_gravitational__teleport-2b15263e49da5625922581569834eec4838a9257-vee9b09fb20c43af7e520f57e9239bbcf46b7113d,1055351,,3.13,6670
gravitational__teleport,instance_gravitational__teleport-005dcb16bacc6a5d5890c4cd302ccfd4298e275d-vee9b09fb20c43af7e520f57e9239bbcf46b7113d,1107542,,1.52,7308
gravitational__teleport,instance_gravitational__teleport-32bcd71591c234f0d8b091ec01f1f5cbfdc0f13c-vee9b09fb20c43af7e520f57e9239bbcf46b7113d,1108440,,3.55,7344
gravitational__teleport,instance_gravitational__teleport-bb562408da4adeae16e025be65e170959d1ec492-vee9b09fb20c43af7e520f57e9239bbcf46b7113d,1124055,,3.03,7378
gravitational__teleport,instance_gravitational__teleport-eefac60a350930e5f295f94a2d55b94c1988c04e-vee9b09fb20c43af7e520f57e9239bbcf46b7113d,1189043,,6.61,7560
gravitational__teleport,instance_gravitational__teleport-4f771403dc4177dc26ee0370f7332f3fe54bee0f-vee9b09fb20c43af7e520f57e9239bbcf46b7113d,534454,,3.29,7832
gravitational__teleport,instance_gravitational__teleport-baeb2697c4e4870c9850ff0cd5c7a2d08e1401c9-vee9b09fb20c43af7e520f57e9239bbcf46b7113d,563913,,4.4,7928
internetarchive__openlibrary,instance_internetarchive__openlibrary-fad4a40acf5ff5f06cd7441a5c7baf41a7d81fe4-vfa6ff903cb27f336e17654595dd900fa943dcd91,224994,,0.65,1580
internetarchive__openlibrary,instance_internetarchive__openlibrary-53e02a22972e9253aeded0e1981e6845e1e521fe-vfa6ff903cb27f336e17654595dd900fa943dcd91,225033,,0.58,1580
internetarchive__openlibrary,instance_internetarchive__openlibrary-7cbfb812ef0e1f9716e2d6e85d538a96fcb79d13-vfa6ff903cb27f336e17654595dd900fa943dcd91,252074,,0.65,1563
internetarchive__openlibrary,instance_internetarchive__openlibrary-acdddc590d0b3688f8f6386f43709049622a6e19-vfa6ff903cb27f336e17654595dd900fa943dcd91,222721,,0.54,1569
internetarchive__openlibrary,instance_internetarchive__openlibrary-e390c1212055dd84a262a798e53487e771d3fb64-v8717e18970bcdc4e0d2cea3b1527752b21e74866,319758,,0.68,1558
internetarchive__openlibrary,instance_internetarchive__openlibrary-03095f2680f7516fca35a58e665bf2a41f006273-v8717e18970bcdc4e0d2cea3b1527752b21e74866,321676,,0.88,1556
internetarchive__openlibrary,instance_internetarchive__openlibrary-5069b09e5f64428dce59b33455c8bb17fe577070-v8717e18970bcdc4e0d2cea3b1527752b21e74866,322366,,0.58,1557
internetarchive__openlibrary,instance_internetarchive__openlibrary-a48fd6ba9482c527602bc081491d9e8ae6e8226c-vfa6ff903cb27f336e17654595dd900fa943dcd91,323141,,0.7,1562
internetarchive__openlibrary,instance_internetarchive__openlibrary-de6ae10512f1b5ef585c8341b451bc49c9fd4996-vfa6ff903cb27f336e17654595dd900fa943dcd91,346576,,0.52,1592
internetarchive__openlibrary,instance_internetarchive__openlibrary-58999808a17a26b387f8237860a7a524d1e2d262-v08d8e8889ec945ab821fb156c04c7d2e2810debb,356655,,0.67,1579
internetarchive__openlibrary,instance_internetarchive__openlibrary-c12943be1db80cf1114bc267ddf4f9933aca9b28-v2c55207218fb8a0138425cbf7d9675272e240b90,356539,,0.82,1575
internetarchive__openlibrary,instance_internetarchive__openlibrary-9bdfd29fac883e77dcbc4208cab28c06fd963ab2-v76304ecdb3a5954fcf13feb710e8c40fcf24b73c,345356,,0.29,1579
internetarchive__openlibrary,instance_internetarchive__openlibrary-89e4b4431fe7506c365a6f6eb6f6d048d04c044c-v08d8e8889ec945ab821fb156c04c7d2e2810debb,345408,,0.64,1581
internetarchive__openlibrary,instance_internetarchive__openlibrary-92db3454aeaa02f89b4cdbc3103f7e95c9759f92-v2c55207218fb8a0138425cbf7d9675272e240b90,346200,,0.33,1588
internetarchive__openlibrary,instance_internetarchive__openlibrary-7f6b722a10f822171501d027cad60afe53337732-ve8c8d62a2b60610a3c4631f5f23ed866bada9818,346555,,0.43,1588
internetarchive__openlibrary,instance_internetarchive__openlibrary-431442c92887a3aece3f8aa771dd029738a80eb1-v76304ecdb3a5954fcf13feb710e8c40fcf24b73c,347794,,0.77,1601
internetarchive__openlibrary,instance_internetarchive__openlibrary-3c48b4bb782189e0858e6c3fc7956046cf3e1cfb-v2d9a6c849c60ed19fd0858ce9e40b7cc8e097e59,349258,,0.59,1603
internetarchive__openlibrary,instance_internetarchive__openlibrary-6e889f4a733c9f8ce9a9bd2ec6a934413adcedb9-ve8c8d62a2b60610a3c4631f5f23ed866bada9818,349996,,0.48,1603
internetarchive__openlibrary,instance_internetarchive__openlibrary-7bf3238533070f2d24bafbb26eedf675d51941f6-v08d8e8889ec945ab821fb156c04c7d2e2810debb,350727,,0.45,1606
internetarchive__openlibrary,instance_internetarchive__openlibrary-5c6c22f3d2edf2f1b10f5dc335e32cb6a5f40341-v76304ecdb3a5954fcf13feb710e8c40fcf24b73c,352801,,0.47,1609
internetarchive__openlibrary,instance_internetarchive__openlibrary-0a90f9f0256e4f933523e9842799e39f95ae29ce-v76304ecdb3a5954fcf13feb710e8c40fcf24b73c,353035,,0.54,1609
internetarchive__openlibrary,instance_internetarchive__openlibrary-0dc5b20fa186f9714f8a838178597e69f549d026-v2d9a6c849c60ed19fd0858ce9e40b7cc8e097e59,352656,,0.61,1613
internetarchive__openlibrary,instance_internetarchive__openlibrary-9c392b60e2c6fa1d68cb68084b4b4ff04d0cb35c-v2d9a6c849c60ed19fd0858ce9e40b7cc8e097e59,352655,,0.45,1613
internetarchive__openlibrary,instance_internetarchive__openlibrary-111347e9583372e8ef91c82e0612ea437ae3a9c9-v2d9a6c849c60ed19fd0858ce9e40b7cc8e097e59,352647,,0.21,1613
internetarchive__openlibrary,instance_internetarchive__openlibrary-b67138b316b1e9c11df8a4a8391fe5cc8e75ff9f-ve8c8d62a2b60610a3c4631f5f23ed866bada9818,353573,,0.51,1605
internetarchive__openlibrary,instance_internetarchive__openlibrary-e8084193a895d8ee81200f49093389a3887479ce-ve8c8d62a2b60610a3c4631f5f23ed866bada9818,352957,,0.45,1611
internetarchive__openlibrary,instance_internetarchive__openlibrary-91efee627df01e32007abf2d6ebf73f9d9053076-vbee42ad1b72fb23c6a1c874868a720b370983ed2,353601,,0.52,1613
internetarchive__openlibrary,instance_internetarchive__openlibrary-bdba0af0f6cbaca8b5fc3be2a3080f38156d9c92-ve8c8d62a2b60610a3c4631f5f23ed866bada9818,353664,,0.4,1617
internetarchive__openlibrary,instance_internetarchive__openlibrary-60725705782832a2cb22e17c49697948a42a9d03-v298a7a812ceed28c4c18355a091f1b268fe56d86,353049,,0.6,1618
internetarchive__openlibrary,instance_internetarchive__openlibrary-7edd1ef09d91fe0b435707633c5cc9af41dedddf-v76304ecdb3a5954fcf13feb710e8c40fcf24b73c,355973,,0.53,1624
internetarchive__openlibrary,instance_internetarchive__openlibrary-757fcf46c70530739c150c57b37d6375f155dc97-ve8c8d62a2b60610a3c4631f5f23ed866bada9818,379652,,0.43,1650
internetarchive__openlibrary,instance_internetarchive__openlibrary-ba3abfb6af6e722185d3715929ab0f3e5a134eed-v76304ecdb3a5954fcf13feb710e8c40fcf24b73c,380601,,0.33,1655
internetarchive__openlibrary,instance_internetarchive__openlibrary-f0341c0ba81c790241b782f5103ce5c9a6edf8e3-ve8fc82d8aae8463b752a211156c5b7b59f349237,380705,,0.39,1655
internetarchive__openlibrary,instance_internetarchive__openlibrary-c8996ecc40803b9155935fd7ff3b8e7be6c1437c-ve8fc82d8aae8463b752a211156c5b7b59f349237,380690,,0.39,1655
internetarchive__openlibrary,instance_internetarchive__openlibrary-30bc73a1395fba2300087c7f307e54bb5372b60a-v76304ecdb3a5954fcf13feb710e8c40fcf24b73c,387005,,0.62,1663
internetarchive__openlibrary,instance_internetarchive__openlibrary-bb152d23c004f3d68986877143bb0f83531fe401-ve8c8d62a2b60610a3c4631f5f23ed866bada9818,388724,,0.3,1664
internetarchive__openlibrary,instance_internetarchive__openlibrary-7c8dc180281491ccaa1b4b43518506323750d1e4-v298a7a812ceed28c4c18355a091f1b268fe56d86,399868,,0.39,1673
internetarchive__openlibrary,instance_internetarchive__openlibrary-1351c59fd43689753de1fca32c78d539a116ffc1-v29f82c9cf21d57b242f8d8b0e541525d259e2d63,379647,,0.47,1695
internetarchive__openlibrary,instance_internetarchive__openlibrary-1be7de788a444f6255e89c10ef6aa608550604a8-v29f82c9cf21d57b242f8d8b0e541525d259e2d63,379629,,0.8,1695
internetarchive__openlibrary,instance_internetarchive__openlibrary-dbbd9d539c6d4fd45d5be9662aa19b6d664b5137-v08d8e8889ec945ab821fb156c04c7d2e2810debb,379114,,0.46,1694
internetarchive__openlibrary,instance_internetarchive__openlibrary-3f7db6bbbcc7c418b3db72d157c6aed1d45b2ccf-v430f20c722405e462d9ef44dee7d34c41e76fe7a,353444,,0.65,1696
internetarchive__openlibrary,instance_internetarchive__openlibrary-8a9d9d323dfcf2a5b4f38d70b1108b030b20ebf3-v13642507b4fc1f8d234172bf8129942da2c2ca26,353791,,0.61,1698
internetarchive__openlibrary,instance_internetarchive__openlibrary-c4eebe6677acc4629cb541a98d5e91311444f5d4-v13642507b4fc1f8d234172bf8129942da2c2ca26,354267,,0.74,1698
internetarchive__openlibrary,instance_internetarchive__openlibrary-fdbc0d8f418333c7e575c40b661b582c301ef7ac-v13642507b4fc1f8d234172bf8129942da2c2ca26,354360,,0.64,1698
internetarchive__openlibrary,instance_internetarchive__openlibrary-798a582540019363d14b2090755cc7b89a350788-v430f20c722405e462d9ef44dee7d34c41e76fe7a,351565,,0.44,1690
internetarchive__openlibrary,instance_internetarchive__openlibrary-308a35d6999427c02b1dbf5211c033ad3b352556-ve8c8d62a2b60610a3c4631f5f23ed866bada9818,351826,,0.61,1690
internetarchive__openlibrary,instance_internetarchive__openlibrary-322d7a46cdc965bfabbf9500e98fde098c9d95b2-v13642507b4fc1f8d234172bf8129942da2c2ca26,352639,,0.47,1692
internetarchive__openlibrary,instance_internetarchive__openlibrary-25858f9f0c165df25742acf8309ce909773f0cdd-v13642507b4fc1f8d234172bf8129942da2c2ca26,352598,,0.4,1692
internetarchive__openlibrary,instance_internetarchive__openlibrary-b4f7c185ae5f1824ac7f3a18e8adf6a4b468459c-v08d8e8889ec945ab821fb156c04c7d2e2810debb,352619,,0.47,1694
internetarchive__openlibrary,instance_internetarchive__openlibrary-6fdbbeee4c0a7e976ff3e46fb1d36f4eb110c428-v08d8e8889ec945ab821fb156c04c7d2e2810debb,351918,,0.5,1700
internetarchive__openlibrary,instance_internetarchive__openlibrary-f8cc11d9c1575fdba5ac66aee0befca970da8d64-v13642507b4fc1f8d234172bf8129942da2c2ca26,352179,,0.5,1702
internetarchive__openlibrary,instance_internetarchive__openlibrary-d109cc7e6e161170391f98f9a6fa1d02534c18e4-ve8c8d62a2b60610a3c4631f5f23ed866bada9818,352543,,0.45,1704
internetarchive__openlibrary,instance_internetarchive__openlibrary-6afdb09df692223c3a31df65cfa92f15e5614c01-v08d8e8889ec945ab821fb156c04c7d2e2810debb,359172,,0.57,1713
internetarchive__openlibrary,instance_internetarchive__openlibrary-c506c1b0b678892af5cb22c1c1dbc35d96787a0a-v0f5aece3601a5b4419f7ccec1dbda2071be28ee4,365781,,0.44,1712
internetarchive__openlibrary,instance_internetarchive__openlibrary-72321288ea790a3ace9e36f1c05b68c93f7eec43-v0f5aece3601a5b4419f7ccec1dbda2071be28ee4,366284,,0.34,1717
internetarchive__openlibrary,instance_internetarchive__openlibrary-5de7de19211e71b29b2f2ba3b1dff2fe065d660f-v08d8e8889ec945ab821fb156c04c7d2e2810debb,371285,,0.57,1700
internetarchive__openlibrary,instance_internetarchive__openlibrary-d8162c226a9d576f094dc1830c4c1ffd0be2dd17-v76304ecdb3a5954fcf13feb710e8c40fcf24b73c,371343,,0.56,1700
internetarchive__openlibrary,instance_internetarchive__openlibrary-123e6e5e1c85b9c07d1e98f70bfc480bc8016890-v2733ff199fb72f0d033a30dc62cb0a4742e3a7f4,371478,,0.6,1700
internetarchive__openlibrary,instance_internetarchive__openlibrary-0d13e6b4bf80bced6c0946b969b9a1b6963f6bce-v76304ecdb3a5954fcf13feb710e8c40fcf24b73c,373523,,0.49,1704
internetarchive__openlibrary,instance_internetarchive__openlibrary-53d376b148897466bb86d5accb51912bbbe9a8ed-v08d8e8889ec945ab821fb156c04c7d2e2810debb,373622,,0.6,1704
internetarchive__openlibrary,instance_internetarchive__openlibrary-f343c08f89c772f7ba6c0246f384b9e6c3dc0add-v08d8e8889ec945ab821fb156c04c7d2e2810debb,373864,,0.53,1704
internetarchive__openlibrary,instance_internetarchive__openlibrary-798055d1a19b8fa0983153b709f460be97e33064-v13642507b4fc1f8d234172bf8129942da2c2ca26,374626,,0.38,1707
internetarchive__openlibrary,instance_internetarchive__openlibrary-00bec1e7c8f3272c469a58e1377df03f955ed478-v13642507b4fc1f8d234172bf8129942da2c2ca26,377532,,0.39,1717
internetarchive__openlibrary,instance_internetarchive__openlibrary-62d2243131a9c7e6aee00d1e9c5660fd5b594e89-v0f5aece3601a5b4419f7ccec1dbda2071be28ee4,379914,,0.58,1728
internetarchive__openlibrary,instance_internetarchive__openlibrary-a7b7dc5735a1b3a9824376b1b469b556dd413981-va4315b5dc369c1ef66ae22f9ae4267aa3114e1b3,379968,,0.61,1728
internetarchive__openlibrary,instance_internetarchive__openlibrary-b112069e31e0553b2d374abb5f9c5e05e8f3dbbe-ve8c8d62a2b60610a3c4631f5f23ed866bada9818,380399,,0.8,1732
internetarchive__openlibrary,instance_internetarchive__openlibrary-910b08570210509f3bcfebf35c093a48243fe754-v0f5aece3601a5b4419f7ccec1dbda2071be28ee4,390181,,0.51,1745
internetarchive__openlibrary,instance_internetarchive__openlibrary-1894cb48d6e7fb498295a5d3ed0596f6f603b784-v0f5aece3601a5b4419f7ccec1dbda2071be28ee4,391022,,0.57,1753
internetarchive__openlibrary,instance_internetarchive__openlibrary-77c16d530b4d5c0f33d68bead2c6b329aee9b996-ve8c8d62a2b60610a3c4631f5f23ed866bada9818,391627,,0.5,1757
internetarchive__openlibrary,instance_internetarchive__openlibrary-e1e502986a3b003899a8347ac8a7ff7b08cbfc39-v08d8e8889ec945ab821fb156c04c7d2e2810debb,391848,,0.57,1758
internetarchive__openlibrary,instance_internetarchive__openlibrary-09865f5fb549694d969f0a8e49b9d204ef1853ca-ve8c8d62a2b60610a3c4631f5f23ed866bada9818,392138,,0.6,1761
internetarchive__openlibrary,instance_internetarchive__openlibrary-4a5d2a7d24c9e4c11d3069220c0685b736d5ecde-v13642507b4fc1f8d234172bf8129942da2c2ca26,391655,,0.49,1758
internetarchive__openlibrary,instance_internetarchive__openlibrary-3aeec6afed9198d734b7ee1293f03ca94ff970e1-v13642507b4fc1f8d234172bf8129942da2c2ca26,391773,,0.47,1761
internetarchive__openlibrary,instance_internetarchive__openlibrary-5fb312632097be7e9ac6ab657964af115224d15d-v0f5aece3601a5b4419f7ccec1dbda2071be28ee4,391514,,0.57,1758
internetarchive__openlibrary,instance_internetarchive__openlibrary-6a117fab6c963b74dc1ba907d838e74f76d34a4b-v13642507b4fc1f8d234172bf8129942da2c2ca26,392228,,0.52,1762
internetarchive__openlibrary,instance_internetarchive__openlibrary-e010b2a13697de70170033902ba2e27a1e1acbe9-v0f5aece3601a5b4419f7ccec1dbda2071be28ee4,401023,,0.8,1764
internetarchive__openlibrary,instance_internetarchive__openlibrary-f3b26c2c0721f8713353fe4b341230332e30008d-v0f5aece3601a5b4419f7ccec1dbda2071be28ee4,401227,,0.44,1765
internetarchive__openlibrary,instance_internetarchive__openlibrary-9cd47f4dc21e273320d9e30d889c864f8cb20ccf-v0f5aece3601a5b4419f7ccec1dbda2071be28ee4,397870,,0.54,1769
internetarchive__openlibrary,instance_internetarchive__openlibrary-11838fad1028672eb975c79d8984f03348500173-v0f5aece3601a5b4419f7ccec1dbda2071be28ee4,397971,,0.58,1769
internetarchive__openlibrary,instance_internetarchive__openlibrary-3f580a5f244c299d936d73d9e327ba873b6401d9-v0f5aece3601a5b4419f7ccec1dbda2071be28ee4,398234,,0.73,1770
internetarchive__openlibrary,instance_internetarchive__openlibrary-427f1f4eddfc54735ca451779d4f95bf683d1b0e-v0f5aece3601a5b4419f7ccec1dbda2071be28ee4,398426,,0.66,1766
internetarchive__openlibrary,instance_internetarchive__openlibrary-4b7ea2977be2747496ba792a678940baa985f7ea-v0f5aece3601a5b4419f7ccec1dbda2071be28ee4,397416,,0.47,1781
internetarchive__openlibrary,instance_internetarchive__openlibrary-08ac40d050a64e1d2646ece4959af0c42bf6b7b5-v0f5aece3601a5b4419f7ccec1dbda2071be28ee4,399791,,0.67,1792
internetarchive__openlibrary,instance_internetarchive__openlibrary-2abe28b472ffed563a87cfe83685b161b35263b0-v13642507b4fc1f8d234172bf8129942da2c2ca26,400077,,0.57,1791
internetarchive__openlibrary,instance_internetarchive__openlibrary-2fe532a33635aab7a9bfea5d977f6a72b280a30c-v0f5aece3601a5b4419f7ccec1dbda2071be28ee4,400128,,0.33,1791
internetarchive__openlibrary,instance_internetarchive__openlibrary-630221ab686c64e75a2ce253c893c033e4814b2e-v93c53c13d5f9b383ebb411ee7750b49dcd1a34c6,400397,,0.55,1792
internetarchive__openlibrary,instance_internetarchive__openlibrary-7f7e53aa4cf74a4f8549a5bcd4810c527e2f6d7e-v13642507b4fc1f8d234172bf8129942da2c2ca26,400920,,0.64,1794
internetarchive__openlibrary,instance_internetarchive__openlibrary-c05ccf2cd8baa81609434e0e35c4a63bc0da5a25-v0f5aece3601a5b4419f7ccec1dbda2071be28ee4,399121,,0.62,1794
internetarchive__openlibrary,instance_internetarchive__openlibrary-43f9e7e0d56a4f1d487533543c17040a029ac501-v0f5aece3601a5b4419f7ccec1dbda2071be28ee4,399147,,0.65,1794
internetarchive__openlibrary,instance_internetarchive__openlibrary-d40ec88713dc95ea791b252f92d2f7b75e107440-v13642507b4fc1f8d234172bf8129942da2c2ca26,399354,,0.52,1798
internetarchive__openlibrary,instance_internetarchive__openlibrary-8a5a63af6e0be406aa6c8c9b6d5f28b2f1b6af5a-v0f5aece3601a5b4419f7ccec1dbda2071be28ee4,399254,,0.94,1798
navidrome__navidrome,instance_navidrome__navidrome-874b17b8f614056df0ef021b5d4f977341084185,86027,,0.25,586
navidrome__navidrome,instance_navidrome__navidrome-b3980532237e57ab15b2b93c49d5cd5b2d050013,108433,,0.41,597
navidrome__navidrome,instance_navidrome__navidrome-89b12b34bea5687c70e4de2109fd1e7330bb2ba2,108484,,0.42,598
navidrome__navidrome,instance_navidrome__navidrome-6bd4c0f6bfa653e9b8b27cfdc2955762d371d6e9,109585,,0.37,621
navidrome__navidrome,instance_navidrome__navidrome-8383527aaba1ae8fa9765e995a71a86c129ef626,109775,,0.51,621
navidrome__navidrome,instance_navidrome__navidrome-b65e76293a917ee2dfc5d4b373b1c62e054d0dca,109974,,0.17,622
navidrome__navidrome,instance_navidrome__navidrome-66b74c81f115c78cb69910b0472eeb376750efc4,110141,,0.69,624
navidrome__navidrome,instance_navidrome__navidrome-97434c1789a6444b30aae5ff5aa124a96a88f504,110474,,0.3,628
navidrome__navidrome,instance_navidrome__navidrome-5001518260732e36d9a42fb8d4c054b28afab310,111757,,0.36,635
navidrome__navidrome,instance_navidrome__navidrome-ee21f3957e0de91624427e93c62b8ee390de72e3,112230,,0.2,643
navidrome__navidrome,instance_navidrome__navidrome-f78257235ec3429ef42af6687738cd327ec77ce8,112627,,0.32,654
navidrome__navidrome,instance_navidrome__navidrome-8d56ec898e776e7e53e352cb9b25677975787ffc,112696,,0.25,654
navidrome__navidrome,instance_navidrome__navidrome-5e549255201e622c911621a7b770477b1f5a89be,113231,,0.34,657
navidrome__navidrome,instance_navidrome__navidrome-e12a14a87d392ac70ee4cc8079e3c3e0103dbcb2,114400,,0.32,669
navidrome__navidrome,instance_navidrome__navidrome-d21932bd1b2379b0ebca2d19e5d8bae91040268a,120601,,0.35,694
navidrome__navidrome,instance_navidrome__navidrome-3972616585e82305eaf26aa25697b3f5f3082288,120814,,0.36,696
navidrome__navidrome,instance_navidrome__navidrome-d613b1930688422122796b43acb3caf2538c8fd1,124272,,0.33,722
navidrome__navidrome,instance_navidrome__navidrome-28389fb05e1523564dfc61fa43ed8eb8a10f938c,118413,,0.48,735
navidrome__navidrome,instance_navidrome__navidrome-0130c6dc13438b48cf0fdfab08a89e357b5517c9,118869,,0.23,742
navidrome__navidrome,instance_navidrome__navidrome-87d4db7638b37eeb754b217440ab7a372f669205,118810,,0.45,746
navidrome__navidrome,instance_navidrome__navidrome-8e640bb8580affb7e0ea6225c0bbe240186b6b08,119092,,0.36,748
navidrome__navidrome,instance_navidrome__navidrome-69e0a266f48bae24a11312e9efbe495a337e4c84,123264,,0.53,765
navidrome__navidrome,instance_navidrome__navidrome-c90468b895f6171e33e937ff20dc915c995274f0,123327,,0.29,765
navidrome__navidrome,instance_navidrome__navidrome-3f2d24695e9382125dfe5e6d6c8bbeb4a313a4f9,123432,,0.52,766
navidrome__navidrome,instance_navidrome__navidrome-7073d18b54da7e53274d11c9e2baef1242e8769e,126064,,0.41,801
navidrome__navidrome,instance_navidrome__navidrome-d0dceae0943b8df16e579c2d9437e11760a0626a,126869,,0.17,811
navidrome__navidrome,instance_navidrome__navidrome-d5df102f9f97c21715c756069c9e141da2a422dc,127080,,0.4,817
navidrome__navidrome,instance_navidrome__navidrome-d8e794317f788198227e10fb667e10496b3eb99a,128834,,0.36,822
navidrome__navidrome,instance_navidrome__navidrome-10108c63c9b5bdf2966ffb3239bbfd89683e37b7,129342,,0.33,825
navidrome__navidrome,instance_navidrome__navidrome-f7d4fcdcc1a59d1b4f835519efb402897757e371,129767,,0.51,833
navidrome__navidrome,instance_navidrome__navidrome-3853c3318f67b41a9e4cb768618315ff77846fdb,132051,,0.33,845
navidrome__navidrome,instance_navidrome__navidrome-6b3b4d83ffcf273b01985709c8bc5df12bbb8286,132038,,0.33,844
navidrome__navidrome,instance_navidrome__navidrome-eebfbc5381a1e506ff17b5f1371d1ad83d5fd642,138417,,0.33,864
navidrome__navidrome,instance_navidrome__navidrome-812dc2090f20ac4f8ac271b6ed95be5889d1a3ca,139243,,0.32,874
navidrome__navidrome,instance_navidrome__navidrome-dfa453cc4ab772928686838dc73d0130740f054e,148075,,0.19,884
navidrome__navidrome,instance_navidrome__navidrome-bf2bcb12799b21069f137749e0c331f761d1f693,148893,,0.37,884
navidrome__navidrome,instance_navidrome__navidrome-1e96b858a91c640fe64e84c5e5ad8cc0954ea38d,149536,,0.3,890
navidrome__navidrome,instance_navidrome__navidrome-27875ba2dd1673ddf8affca526b0664c12c3b98b,149654,,0.31,890
navidrome__navidrome,instance_navidrome__navidrome-de90152a7173039677ac808f5bfb1e644d761336,149688,,0.37,891
navidrome__navidrome,instance_navidrome__navidrome-677d9947f302c9f7bba8c08c788c3dc99f235f39,149852,,0.43,891
navidrome__navidrome,instance_navidrome__navidrome-3977ef6e0f287f598b6e4009876239d6f13b686d,150397,,0.36,897
navidrome__navidrome,instance_navidrome__navidrome-55bff343cdaad1f04496f724eda4b55d422d7f17,150461,,0.35,897
navidrome__navidrome,instance_navidrome__navidrome-0488fb92cb02a82924fb1181bf1642f2e87096db,150548,,0.32,898
navidrome__navidrome,instance_navidrome__navidrome-56303cde23a4122d2447cbb266f942601a78d7e4,150581,,0.2,899
navidrome__navidrome,instance_navidrome__navidrome-29bc17acd71596ae92131aca728716baf5af9906,150622,,0.17,899
navidrome__navidrome,instance_navidrome__navidrome-29b7b740ce469201af0a0510f3024adc93ef4c8e,150762,,0.42,901
navidrome__navidrome,instance_navidrome__navidrome-3bc9e75b2843f91f6a1e9b604e321c2bd4fd442a,150798,,0.37,901
navidrome__navidrome,instance_navidrome__navidrome-fa85e2a7816a6fe3829a4c0d8e893e982b0985da,151721,,0.36,905
navidrome__navidrome,instance_navidrome__navidrome-669c8f4c49a7ef51ac9a53c725097943f67219eb,146274,,0.58,913
navidrome__navidrome,instance_navidrome__navidrome-55730514ea59d5f1d0b8e3f8745569c29bdbf7b4,122176,,0.39,921
navidrome__navidrome,instance_navidrome__navidrome-23bebe4e06124becf1000e88472ae71a6ca7de4c,123310,,0.3,928
navidrome__navidrome,instance_navidrome__navidrome-9c3b4561652a15846993d477003e111f0df0c585,123359,,0.37,929
navidrome__navidrome,instance_navidrome__navidrome-0a650de357babdcc8ce910fe37fee84acf4ed2fe,123513,,0.31,930
navidrome__navidrome,instance_navidrome__navidrome-6c6223f2f9db2c8c253e0d40a192e3519c9037d1,124552,,0.49,944
navidrome__navidrome,instance_navidrome__navidrome-3982ba725883e71d4e3e618c61d5140eeb8d850a,124633,,0.25,944
navidrome__navidrome,instance_navidrome__navidrome-31799662706fedddf5bcc1a76b50409d1f91d327,127030,,0.28,955
navidrome__navidrome,instance_navidrome__navidrome-09ae41a2da66264c60ef307882362d2e2d8d8b89,137954,,0.49,1024
NodeBB__NodeBB,instance_NodeBB__NodeBB-0e07f3c9bace416cbab078a30eae972868c0a8a3-vf2cf3cbd463b7ad942381f1c6d077626485a1e9e,280201,,0.48,4618
NodeBB__NodeBB,instance_NodeBB__NodeBB-cfc237c2b79d8c731bbfc6cadf977ed530bfd57a-v0495b863a912fbff5749c67e860612b91825407c,280410,,0.46,4618
NodeBB__NodeBB,instance_NodeBB__NodeBB-4327a09d76f10a79109da9d91c22120428d3bdb9-vnan,282795,,0.67,4639
NodeBB__NodeBB,instance_NodeBB__NodeBB-05f2236193f407cf8e2072757fbd6bb170bc13f0-vf2cf3cbd463b7ad942381f1c6d077626485a1e9e,284267,,0.78,4642
NodeBB__NodeBB,instance_NodeBB__NodeBB-8168c6c40707478f71b8af60300830fe554c778c-vf2cf3cbd463b7ad942381f1c6d077626485a1e9e,286164,,0.83,4644
NodeBB__NodeBB,instance_NodeBB__NodeBB-84e065752f6d7fbe5c08cbf50cb173ffb866b8fa-vf2cf3cbd463b7ad942381f1c6d077626485a1e9e,286280,,0.67,4644
NodeBB__NodeBB,instance_NodeBB__NodeBB-97c8569a798075c50e93e585ac741ab55cb7c28b-vf2cf3cbd463b7ad942381f1c6d077626485a1e9e,286413,,0.85,4644
NodeBB__NodeBB,instance_NodeBB__NodeBB-087e6020e490b4a1759f38c1ad03869511928263-vf2cf3cbd463b7ad942381f1c6d077626485a1e9e,287452,,0.38,4655
NodeBB__NodeBB,instance_NodeBB__NodeBB-a917210c5b2c20637094545401f85783905c074c-vf2cf3cbd463b7ad942381f1c6d077626485a1e9e,287469,,0.97,4655
NodeBB__NodeBB,instance_NodeBB__NodeBB-0c81642997ea1d827dbd02c311db9d4976112cd4-vf2cf3cbd463b7ad942381f1c6d077626485a1e9e,287975,,0.25,4656
NodeBB__NodeBB,instance_NodeBB__NodeBB-397835a05a8e2897324e566b41c5e616e172b4af-v89631a1cdb318276acb48860c5d78077211397c6,305145,,0.23,4677
NodeBB__NodeBB,instance_NodeBB__NodeBB-2657804c1fb6b84dc76ad3b18ecf061aaab5f29f-vf2cf3cbd463b7ad942381f1c6d077626485a1e9e,305218,,0.6,4677
NodeBB__NodeBB,instance_NodeBB__NodeBB-be43cd25974681c9743d424238b7536c357dc8d3-vf2cf3cbd463b7ad942381f1c6d077626485a1e9e,306327,,0.7,4678
NodeBB__NodeBB,instance_NodeBB__NodeBB-6ea3b51f128dd270281db576a1b59270d5e45db0-vnan,303661,,0.45,4462
NodeBB__NodeBB,instance_NodeBB__NodeBB-f48ed3658aab7be0f1165d4c1f89af48d7865189-v0495b863a912fbff5749c67e860612b91825407c,305268,,0.67,4465
NodeBB__NodeBB,instance_NodeBB__NodeBB-0f788b8eaa4bba3c142d171fd941d015c53b65fc-v0ec6d6c2baf3cb4797482ce4829bc25cd5716649,307642,,0.6,4476
NodeBB__NodeBB,instance_NodeBB__NodeBB-84dfda59e6a0e8a77240f939a7cb8757e6eaf945-v2c59007b1005cd5cd14cbb523ca5229db1fd2dd8,308052,,0.67,4478
NodeBB__NodeBB,instance_NodeBB__NodeBB-6489e9fd9ed16ea743cc5627f4d86c72fbdb3a8a-v2c59007b1005cd5cd14cbb523ca5229db1fd2dd8,308192,,0.78,4478
NodeBB__NodeBB,instance_NodeBB__NodeBB-767973717be700f46f06f3e7f4fc550c63509046-vnan,313267,,0.98,4556
NodeBB__NodeBB,instance_NodeBB__NodeBB-22368b996ee0e5f11a5189b400b33af3cc8d925a-v4fbcfae8b15e4ce5d132c408bca69ebb9cf146ed,315253,,0.39,4564
NodeBB__NodeBB,instance_NodeBB__NodeBB-9c576a0758690f45a6ca03b5884c601e473bf2c1-vd59a5728dfc977f44533186ace531248c2917516,317868,,0.66,4614
NodeBB__NodeBB,instance_NodeBB__NodeBB-3c85b944e30a0ba8b3ec9e1f441c74f383625a15-v4fbcfae8b15e4ce5d132c408bca69ebb9cf146ed,318273,,0.59,4614
NodeBB__NodeBB,instance_NodeBB__NodeBB-1ea9481af6125ffd6da0592ed439aa62af0bca11-vd59a5728dfc977f44533186ace531248c2917516,321747,,0.57,4688
NodeBB__NodeBB,instance_NodeBB__NodeBB-18c45b44613aecd53e9f60457b9812049ab2998d-v0495b863a912fbff5749c67e860612b91825407c,308679,,0.75,4773
NodeBB__NodeBB,instance_NodeBB__NodeBB-f2082d7de85eb62a70819f4f3396dd85626a0c0a-vd59a5728dfc977f44533186ace531248c2917516,310142,,0.71,4780
NodeBB__NodeBB,instance_NodeBB__NodeBB-f083cd559d69c16481376868c8da65172729c0ca-vnan,311086,,0.72,4788
NodeBB__NodeBB,instance_NodeBB__NodeBB-7b8bffd763e2155cf88f3ebc258fa68ebe18188d-vf2cf3cbd463b7ad942381f1c6d077626485a1e9e,312366,,0.85,4882
NodeBB__NodeBB,instance_NodeBB__NodeBB-bd80d36e0dcf78cd4360791a82966078b3a07712-v4fbcfae8b15e4ce5d132c408bca69ebb9cf146ed,313457,,0.81,4888
NodeBB__NodeBB,instance_NodeBB__NodeBB-04998908ba6721d64eba79ae3b65a351dcfbc5b5-vnan,315474,,0.75,4886
NodeBB__NodeBB,instance_NodeBB__NodeBB-8ca65b0c78c67c1653487c02d1135e1b702185e1-vf2cf3cbd463b7ad942381f1c6d077626485a1e9e,316339,,0.8,4887
NodeBB__NodeBB,instance_NodeBB__NodeBB-82562bec444940608052f3e4149e0c61ec80bf3f-vd59a5728dfc977f44533186ace531248c2917516,304449,,0.81,4879
NodeBB__NodeBB,instance_NodeBB__NodeBB-f1a80d48cc45877fcbadf34c2345dd9709722c7f-v4fbcfae8b15e4ce5d132c408bca69ebb9cf146ed,308829,,0.78,4885
NodeBB__NodeBB,instance_NodeBB__NodeBB-b398321a5eb913666f903a794219833926881a8f-vd59a5728dfc977f44533186ace531248c2917516,311508,,0.57,4943
NodeBB__NodeBB,instance_NodeBB__NodeBB-445b70deda20201b7d9a68f7224da751b3db728c-v4fbcfae8b15e4ce5d132c408bca69ebb9cf146ed,315675,,1.03,4982
NodeBB__NodeBB,instance_NodeBB__NodeBB-51d8f3b195bddb13a13ddc0de110722774d9bb1b-vf2cf3cbd463b7ad942381f1c6d077626485a1e9e,315685,,0.24,4982
NodeBB__NodeBB,instance_NodeBB__NodeBB-76c6e30282906ac664f2c9278fc90999b27b1f48-vd59a5728dfc977f44533186ace531248c2917516,8456,,0.81,5022
NodeBB__NodeBB,instance_NodeBB__NodeBB-da0211b1a001d45d73b4c84c6417a4f1b0312575-vf2cf3cbd463b7ad942381f1c6d077626485a1e9e,8710,,0.84,5023
NodeBB__NodeBB,instance_NodeBB__NodeBB-70b4a0e2aebebe8f2f559de6680093d96a697b2f-vnan,21882,,0.89,5074
NodeBB__NodeBB,instance_NodeBB__NodeBB-bad15643013ca15affe408b75eba9e47cc604bb2-vd59a5728dfc977f44533186ace531248c2917516,22243,,0.45,5075
NodeBB__NodeBB,instance_NodeBB__NodeBB-b1f9ad5534bb3a44dab5364f659876a4b7fe34c1-vnan,30249,,0.99,5109
NodeBB__NodeBB,instance_NodeBB__NodeBB-00c70ce7b0541cfc94afe567921d7668cdc8f4ac-vnan,30248,,0.54,5110
NodeBB__NodeBB,instance_NodeBB__NodeBB-eb49a64974ca844bca061744fb3383f5d13b02ad-vnan,30285,,0.62,5102
NodeBB__NodeBB,instance_NodeBB__NodeBB-f9ce92df988db7c1ae55d9ef96d247d27478bc70-vf2cf3cbd463b7ad942381f1c6d077626485a1e9e,38581,,1.05,5273
NodeBB__NodeBB,instance_NodeBB__NodeBB-a5afad27e52fd336163063ba40dcadc80233ae10-vd59a5728dfc977f44533186ace531248c2917516,38841,,0.88,5277
protonmail__webclients,instance_protonmail__webclients-e65cc5f33719e02e1c378146fb981d27bc24bdf4,1108360,,2.9,4310
protonmail__webclients,instance_protonmail__webclients-4817fe14e1356789c90165c2a53f6a043c2c5f83,1260326,,2.73,4428
protonmail__webclients,instance_protonmail__webclients-da91f084c0f532d9cc8ca385a701274d598057b8,1216949,,1.33,4470
protonmail__webclients,instance_protonmail__webclients-7b833df125859e5eb98a826e5b83efe0f93a347b,1222918,,1.89,4474
protonmail__webclients,instance_protonmail__webclients-3a6790f480309130b5d6332dce6c9d5ccca13ee3,1209531,,2.34,4527
protonmail__webclients,instance_protonmail__webclients-d494a66038112b239a381f49b3914caf8d2ef3b4,1211452,,3.19,4628
protonmail__webclients,instance_protonmail__webclients-6e1873b06df6529a469599aa1d69d3b18f7d9d37,1216446,,2.58,4647
protonmail__webclients,instance_protonmail__webclients-815695401137dac2975400fc610149a16db8214b,1240857,,1.93,4692
protonmail__webclients,instance_protonmail__webclients-e9677f6c46d5ea7d277a4532a4bf90074f125f31,1203771,,1.42,4925
protonmail__webclients,instance_protonmail__webclients-09fcf0dbdb87fa4f4a27700800ee4a3caed8b413,44652,,0.99,5222
protonmail__webclients,instance_protonmail__webclients-e7f3f20c8ad86089967498632ace73c1157a9d51,44694,,3.01,5223
protonmail__webclients,instance_protonmail__webclients-caf10ba9ab2677761c88522d1ba8ad025779c492,44930,,3.0,5226
protonmail__webclients,instance_protonmail__webclients-6f8916fbadf1d1f4a26640f53b5cf7f55e8bedb7,47366,,1.93,5256
protonmail__webclients,instance_protonmail__webclients-c5a2089ca2bfe9aa1d85a664b8ad87ef843a1c9c,47757,,1.18,5264
protonmail__webclients,instance_protonmail__webclients-08bb09914d0d37b0cd6376d4cab5b77728a43e7b,47892,,1.84,5267
protonmail__webclients,instance_protonmail__webclients-51742625834d3bd0d10fe0c7e76b8739a59c6b9f,48434,,1.69,5284
protonmail__webclients,instance_protonmail__webclients-8be4f6cb9380fcd2e67bcb18cef931ae0d4b869c,51390,,1.46,5328
protonmail__webclients,instance_protonmail__webclients-bf2e89c0c488ae1a87d503e5b09fe9dd2f2a635f,51129,,3.22,5373
protonmail__webclients,instance_protonmail__webclients-fc9d535e9beb3ae30a52a7146398cadfd6e30606,51275,,1.37,5385
protonmail__webclients,instance_protonmail__webclients-ae36cb23a1682dcfd69587c1b311ae0227e28f39,51117,,1.88,5381
protonmail__webclients,instance_protonmail__webclients-c6f65d205c401350a226bb005f42fac1754b0b5b,51156,,1.12,5384
protonmail__webclients,instance_protonmail__webclients-cfd7571485186049c10c822f214d474f1edde8d1,51600,,2.19,5405
protonmail__webclients,instance_protonmail__webclients-8142704f447df6e108d53cab25451c8a94976b92,52534,,3.22,5465
protonmail__webclients,instance_protonmail__webclients-f080ffc38e2ad7bddf2e93e5193e82c20c7a11e7,52791,,2.02,5477
protonmail__webclients,instance_protonmail__webclients-1917e37f5d9941a3459ce4b0177e201e2d94a622,53275,,2.79,5493
protonmail__webclients,instance_protonmail__webclients-715dbd4e6999499cd2a576a532d8214f75189116,53503,,1.8,5501
protonmail__webclients,instance_protonmail__webclients-f161c10cf7d31abf82e8d64d7a99c9fac5acfa18,53518,,1.1,5501
protonmail__webclients,instance_protonmail__webclients-8afd9ce04c8dde9e150e1c2b50d32e7ee2efa3e7,54126,,2.95,5535
protonmail__webclients,instance_protonmail__webclients-01ea5214d11e0df8b7170d91bafd34f23cb0f2b1,53997,,2.91,5524
protonmail__webclients,instance_protonmail__webclients-4feccbc9990980aee26ea29035f8f931d6089895,54009,,2.46,5525
protonmail__webclients,instance_protonmail__webclients-2f66db85455f4b22a47ffd853738f679b439593c,54918,,2.37,5583
protonmail__webclients,instance_protonmail__webclients-2dce79ea4451ad88d6bfe94da22e7f2f988efa60,63526,,2.97,5691
protonmail__webclients,instance_protonmail__webclients-5e815cfa518b223a088fa9bb232a5fc90ab15691,79794,,1.47,5783
protonmail__webclients,instance_protonmail__webclients-0200ce0fc1d4dbd35178c10d440a284c82ecc858,93516,,1.5,5856
protonmail__webclients,instance_protonmail__webclients-a6e6f617026794e7b505d649d2a7a9cdf17658c8,98659,,1.59,5916
protonmail__webclients,instance_protonmail__webclients-5d2576632037d655c3b6a28e98cd157f7e9a5ce1,98911,,2.49,5922
protonmail__webclients,instance_protonmail__webclients-369fd37de29c14c690cb3b1c09a949189734026f,106409,,1.12,6062
protonmail__webclients,instance_protonmail__webclients-df60460f163fd5c34e844ab9015e3176f1ab1ac0,108341,,3.55,6091
protonmail__webclients,instance_protonmail__webclients-32ff10999a06455cb2147f6873d627456924ae13,110551,,2.13,6095
protonmail__webclients,instance_protonmail__webclients-0d0267c4438cf378bda90bc85eed3a3615871ac4,111099,,2.26,6100
protonmail__webclients,instance_protonmail__webclients-944adbfe06644be0789f59b78395bdd8567d8547,111381,,2.61,6101
protonmail__webclients,instance_protonmail__webclients-cba6ebbd0707caa524ffee51c62b197f6122c902,248746,,2.78,6928
protonmail__webclients,instance_protonmail__webclients-708ed4a299711f0fa79a907cc5847cfd39c0fc71,250484,,2.83,6939
protonmail__webclients,instance_protonmail__webclients-5f0745dd6993bb1430a951c62a49807c6635cd77,254551,,2.5,6958
protonmail__webclients,instance_protonmail__webclients-0ec14e36ceb01ba45602a563e12352af8171ed39,260777,,1.28,7079
protonmail__webclients,instance_protonmail__webclients-dfe5604193d63bfcb91ce60d62db2f805c43bf11,265944,,1.67,7179
protonmail__webclients,instance_protonmail__webclients-2f2f6c311c6128fe86976950d3c0c2db07b03921,406197,,3.35,8569
protonmail__webclients,instance_protonmail__webclients-863d524b5717b9d33ce08a0f0535e3fd8e8d1ed8,418349,,5.07,8697
protonmail__webclients,instance_protonmail__webclients-b530a3db50cb33e5064464addbcbef1465856ce6,430397,,4.91,8826
protonmail__webclients,instance_protonmail__webclients-cb8cc309c6968b0a2a5fe4288d0ae0a969ff31e1,437713,,3.64,8911
protonmail__webclients,instance_protonmail__webclients-6dcf0d0b0f7965ad94be3f84971afeb437f25b02,441484,,3.23,8955
protonmail__webclients,instance_protonmail__webclients-01b519cd49e6a24d9a05d2eb97f54e420740072e,481755,,1.67,9354
protonmail__webclients,instance_protonmail__webclients-6e165e106d258a442ae849cdf08260329cb92d39,513312,,2.13,9756
protonmail__webclients,instance_protonmail__webclients-2c3559cad02d1090985dba7e8eb5a129144d9811,120064,,4.24,10805
protonmail__webclients,instance_protonmail__webclients-7e54526774e577c0ebb58ced7ba8bef349a69fec,291581,,5.58,12034
protonmail__webclients,instance_protonmail__webclients-c8117f446c3d1d7e117adc6e0e46b0ece9b0b90e,315802,,5.92,12255
protonmail__webclients,instance_protonmail__webclients-3f22e2172cbdfd7b9abb2b1d8fd80c16d38b4bbe,574420,,6.57,12147
protonmail__webclients,instance_protonmail__webclients-281a6b3f190f323ec2c0630999354fafb84b2880,558430,,7.33,12068
protonmail__webclients,instance_protonmail__webclients-1501eb765873b2884b6f1944fd242ecfc9d6b103,568692,,6.21,12143
protonmail__webclients,instance_protonmail__webclients-428cd033fede5fd6ae9dbc7ab634e010b10e4209,574948,,3.17,12264
protonmail__webclients,instance_protonmail__webclients-b387b24147e4b5ec3b482b8719ea72bee001462a,559351,,7.46,12516
protonmail__webclients,instance_protonmail__webclients-b9387af4cdf79c2cb2a221dea33d665ef789512e,572875,,6.79,12636
protonmail__webclients,instance_protonmail__webclients-d3e513044d299d04e509bf8c0f4e73d812030246,579846,,8.13,12714
qutebrowser__qutebrowser,instance_qutebrowser__qutebrowser-77c3557995704a683cdb67e2a3055f7547fa22c3-v363c8a7e5ccdf6968fc7ab84a2053ac78036691d,221484,,0.48,766
qutebrowser__qutebrowser,instance_qutebrowser__qutebrowser-6b320dc18662580e1313d2548fdd6231d2a97e6d-v363c8a7e5ccdf6968fc7ab84a2053ac78036691d,221667,,0.5,766
qutebrowser__qutebrowser,instance_qutebrowser__qutebrowser-9ed748effa8f3bcd804612d9291da017b514e12f-v363c8a7e5ccdf6968fc7ab84a2053ac78036691d,222228,,0.37,767
qutebrowser__qutebrowser,instance_qutebrowser__qutebrowser-2dd8966fdcf11972062c540b7a787e4d0de8d372-v363c8a7e5ccdf6968fc7ab84a2053ac78036691d,222686,,0.36,768
qutebrowser__qutebrowser,instance_qutebrowser__qutebrowser-deeb15d6f009b3ca0c3bd503a7cef07462bd16b4-v363c8a7e5ccdf6968fc7ab84a2053ac78036691d,222800,,0.35,768
qutebrowser__qutebrowser,instance_qutebrowser__qutebrowser-35168ade46184d7e5b91dfa04ca42fe2abd82717-v363c8a7e5ccdf6968fc7ab84a2053ac78036691d,225510,,0.5,792
qutebrowser__qutebrowser,instance_qutebrowser__qutebrowser-fec187c2cb53d769c2682b35ca77858a811414a8-v363c8a7e5ccdf6968fc7ab84a2053ac78036691d,227141,,0.39,798
qutebrowser__qutebrowser,instance_qutebrowser__qutebrowser-e64622cd2df5b521342cf4a62e0d4cb8f8c9ae5a-v363c8a7e5ccdf6968fc7ab84a2053ac78036691d,228093,,0.34,800
qutebrowser__qutebrowser,instance_qutebrowser__qutebrowser-e34dfc68647d087ca3175d9ad3f023c30d8c9746-v363c8a7e5ccdf6968fc7ab84a2053ac78036691d,228337,,0.39,799
qutebrowser__qutebrowser,instance_qutebrowser__qutebrowser-21b426b6a20ec1cc5ecad770730641750699757b-v363c8a7e5ccdf6968fc7ab84a2053ac78036691d,228541,,0.52,799
qutebrowser__qutebrowser,instance_qutebrowser__qutebrowser-5fdc83e5da6222fe61163395baaad7ae57fa2cb4-v363c8a7e5ccdf6968fc7ab84a2053ac78036691d,176427,,0.44,804
qutebrowser__qutebrowser,instance_qutebrowser__qutebrowser-ff1c025ad3210506fc76e1f604d8c8c27637d88e-v363c8a7e5ccdf6968fc7ab84a2053ac78036691d,176567,,0.32,805
qutebrowser__qutebrowser,instance_qutebrowser__qutebrowser-305e7c96d5e2fdb3b248b27dfb21042fb2b7e0b8-v2ef375ac784985212b1805e1d0431dc8f1b3c171,178510,,0.43,809
qutebrowser__qutebrowser,instance_qutebrowser__qutebrowser-233cb1cc48635130e5602549856a6fa4ab4c087f-v35616345bb8052ea303186706cec663146f0f184,180947,,0.35,815
qutebrowser__qutebrowser,instance_qutebrowser__qutebrowser-8d05f0282a271bfd45e614238bd1b555c58b3fc1-v35616345bb8052ea303186706cec663146f0f184,181814,,0.36,816
qutebrowser__qutebrowser,instance_qutebrowser__qutebrowser-de4a1c1a2839b5b49c3d4ce21d39de48d24e2091-v2ef375ac784985212b1805e1d0431dc8f1b3c171,182170,,0.39,814
qutebrowser__qutebrowser,instance_qutebrowser__qutebrowser-1a9e74bfaf9a9db2a510dc14572d33ded6040a57-v2ef375ac784985212b1805e1d0431dc8f1b3c171,182229,,0.25,816
qutebrowser__qutebrowser,instance_qutebrowser__qutebrowser-1943fa072ec3df5a87e18a23b0916f134c131016-vafb3e8e01b31319c66c4e666b8a3b1d8ba55db24,195086,,0.41,825
qutebrowser__qutebrowser,instance_qutebrowser__qutebrowser-e57b6e0eeeb656eb2c84d6547d5a0a7333ecee85-v2ef375ac784985212b1805e1d0431dc8f1b3c171,204617,,0.41,835
qutebrowser__qutebrowser,instance_qutebrowser__qutebrowser-01d1d1494411380d97cac14614a829d3a69cecaf-v2ef375ac784985212b1805e1d0431dc8f1b3c171,204705,,0.29,835
qutebrowser__qutebrowser,instance_qutebrowser__qutebrowser-46e6839e21d9ff72abb6c5d49d5abaa5a8da8a81-v2ef375ac784985212b1805e1d0431dc8f1b3c171,193293,,0.43,815
qutebrowser__qutebrowser,instance_qutebrowser__qutebrowser-bedc9f7fadf93f83d8dee95feeecb9922b6f063f-v2ef375ac784985212b1805e1d0431dc8f1b3c171,193302,,0.45,815
qutebrowser__qutebrowser,instance_qutebrowser__qutebrowser-96b997802e942937e81d2b8a32d08f00d3f4bc4e-v5fc38aaf22415ab0b70567368332beee7955b367,194342,,0.35,828
qutebrowser__qutebrowser,instance_qutebrowser__qutebrowser-cc360cd4a34a126274c7b51f3b63afbaf3e05a02-v5fc38aaf22415ab0b70567368332beee7955b367,194383,,0.35,828
qutebrowser__qutebrowser,instance_qutebrowser__qutebrowser-70248f256f93ed9b1984494d0a1a919ddd774892-v2ef375ac784985212b1805e1d0431dc8f1b3c171,194334,,0.42,828
qutebrowser__qutebrowser,instance_qutebrowser__qutebrowser-fcfa069a06ade76d91bac38127f3235c13d78eb1-v5fc38aaf22415ab0b70567368332beee7955b367,204470,,0.39,844
qutebrowser__qutebrowser,instance_qutebrowser__qutebrowser-36ade4bba504eb96f05d32ceab9972df7eb17bcc-v2ef375ac784985212b1805e1d0431dc8f1b3c171,204887,,0.41,844
qutebrowser__qutebrowser,instance_qutebrowser__qutebrowser-0fc6d1109d041c69a68a896db87cf1b8c194cef7-v2ef375ac784985212b1805e1d0431dc8f1b3c171,205210,,0.49,845
qutebrowser__qutebrowser,instance_qutebrowser__qutebrowser-fd6790fe8c02b144ab2464f1fc8ab3d02ce3c476-v2ef375ac784985212b1805e1d0431dc8f1b3c171,205470,,0.27,846
qutebrowser__qutebrowser,instance_qutebrowser__qutebrowser-f631cd4422744160d9dcf7a0455da532ce973315-v35616345bb8052ea303186706cec663146f0f184,205790,,0.45,850
qutebrowser__qutebrowser,instance_qutebrowser__qutebrowser-54bcdc1eefa86cc20790973d6997b60c3bba884c-v2ef375ac784985212b1805e1d0431dc8f1b3c171,205999,,0.34,851
qutebrowser__qutebrowser,instance_qutebrowser__qutebrowser-394bfaed6544c952c6b3463751abab3176ad4997-vafb3e8e01b31319c66c4e666b8a3b1d8ba55db24,206571,,0.37,852
qutebrowser__qutebrowser,instance_qutebrowser__qutebrowser-34a13afd36b5e529d553892b1cd8b9d5ce8881c4-vafb3e8e01b31319c66c4e666b8a3b1d8ba55db24,207191,,0.44,854
qutebrowser__qutebrowser,instance_qutebrowser__qutebrowser-66cfa15c372fa9e613ea5a82d3b03e4609399fb6-v363c8a7e5ccdf6968fc7ab84a2053ac78036691d,209074,,0.45,859
qutebrowser__qutebrowser,instance_qutebrowser__qutebrowser-473a15f7908f2bb6d670b0e908ab34a28d8cf7e2-v363c8a7e5ccdf6968fc7ab84a2053ac78036691d,209073,,0.4,859
qutebrowser__qutebrowser,instance_qutebrowser__qutebrowser-9b71c1ea67a9e7eb70dd83214d881c2031db6541-v363c8a7e5ccdf6968fc7ab84a2053ac78036691d,209073,,0.25,859
qutebrowser__qutebrowser,instance_qutebrowser__qutebrowser-ef5ba1a0360b39f9eff027fbdc57f363597c3c3b-v363c8a7e5ccdf6968fc7ab84a2053ac78036691d,209075,,0.35,859
qutebrowser__qutebrowser,instance_qutebrowser__qutebrowser-16de05407111ddd82fa12e54389d532362489da9-v363c8a7e5ccdf6968fc7ab84a2053ac78036691d,209071,,0.46,859
qutebrowser__qutebrowser,instance_qutebrowser__qutebrowser-3d01c201b8aa54dd71d4f801b1dd12feb4c0a08a-v5fc38aaf22415ab0b70567368332beee7955b367,209116,,0.23,860
qutebrowser__qutebrowser,instance_qutebrowser__qutebrowser-44e64199ed38003253f0296badd4a447645067b6-v2ef375ac784985212b1805e1d0431dc8f1b3c171,209670,,0.43,860
qutebrowser__qutebrowser,instance_qutebrowser__qutebrowser-0b621cb0ce2b54d3f93d8d41d8ff4257888a87e5-v2ef375ac784985212b1805e1d0431dc8f1b3c171,210308,,0.42,866
qutebrowser__qutebrowser,instance_qutebrowser__qutebrowser-c09e1439f145c66ee3af574386e277dd2388d094-v2ef375ac784985212b1805e1d0431dc8f1b3c171,211428,,0.32,871
qutebrowser__qutebrowser,instance_qutebrowser__qutebrowser-cf06f4e3708f886032d4d2a30108c2fddb042d81-v2ef375ac784985212b1805e1d0431dc8f1b3c171,211554,,0.38,872
qutebrowser__qutebrowser,instance_qutebrowser__qutebrowser-52708364b5f91e198defb022d1a5b4b3ebd9b563-v2ef375ac784985212b1805e1d0431dc8f1b3c171,214489,,1.13,881
qutebrowser__qutebrowser,instance_qutebrowser__qutebrowser-996487c43e4fcc265b541f9eca1e7930e3c5cf05-v2ef375ac784985212b1805e1d0431dc8f1b3c171,214996,,0.46,883
qutebrowser__qutebrowser,instance_qutebrowser__qutebrowser-c580ebf0801e5a3ecabc54f327498bb753c6d5f2-v2ef375ac784985212b1805e1d0431dc8f1b3c171,215369,,0.53,884
qutebrowser__qutebrowser,instance_qutebrowser__qutebrowser-6dd402c0d0f7665d32a74c43c5b4cf5dc8aff28d-v5fc38aaf22415ab0b70567368332beee7955b367,215399,,0.55,884
qutebrowser__qutebrowser,instance_qutebrowser__qutebrowser-8f46ba3f6dc7b18375f7aa63c48a1fe461190430-v2ef375ac784985212b1805e1d0431dc8f1b3c171,215694,,0.37,885
qutebrowser__qutebrowser,instance_qutebrowser__qutebrowser-1af602b258b97aaba69d2585ed499d95e2303ac2-v2ef375ac784985212b1805e1d0431dc8f1b3c171,216987,,0.43,883
qutebrowser__qutebrowser,instance_qutebrowser__qutebrowser-a84ecfb80a00f8ab7e341372560458e3f9cfffa2-v2ef375ac784985212b1805e1d0431dc8f1b3c171,211728,,0.34,880
qutebrowser__qutebrowser,instance_qutebrowser__qutebrowser-85b867fe8d4378c8e371f055c70452f546055854-v2ef375ac784985212b1805e1d0431dc8f1b3c171,212042,,0.4,882
qutebrowser__qutebrowser,instance_qutebrowser__qutebrowser-bf045f7ec7c27709ea3ef61cf41a24e8fdd2e7da-v059c6fdc75567943479b23ebca7c07b5e9a7f34c,212492,,0.66,884
qutebrowser__qutebrowser,instance_qutebrowser__qutebrowser-5e0d6dc1483cb3336ea0e3dcbd4fe4aa00fc1742-v5149fcda2a9a6fe1d35dfed1bade1444a11ef271,213520,,0.36,886
qutebrowser__qutebrowser,instance_qutebrowser__qutebrowser-ec2dcfce9eee9f808efc17a1b99e227fc4421dea-v5149fcda2a9a6fe1d35dfed1bade1444a11ef271,214191,,0.4,888
qutebrowser__qutebrowser,instance_qutebrowser__qutebrowser-3e21c8214a998cb1058defd15aabb24617a76402-v5fc38aaf22415ab0b70567368332beee7955b367,222992,,0.38,907
qutebrowser__qutebrowser,instance_qutebrowser__qutebrowser-0833b5f6f140d04200ec91605f88704dd18e2970-v059c6fdc75567943479b23ebca7c07b5e9a7f34c,223011,,0.64,907
qutebrowser__qutebrowser,instance_qutebrowser__qutebrowser-e5340c449f23608803c286da0563b62f58ba25b0-v059c6fdc75567943479b23ebca7c07b5e9a7f34c,222608,,0.48,910
qutebrowser__qutebrowser,instance_qutebrowser__qutebrowser-ed19d7f58b2664bb310c7cb6b52c5b9a06ea60b2-v059c6fdc75567943479b23ebca7c07b5e9a7f34c,223479,,0.36,916
qutebrowser__qutebrowser,instance_qutebrowser__qutebrowser-f7753550f2c1dcb2348e4779fd5287166754827e-v059c6fdc75567943479b23ebca7c07b5e9a7f34c,223682,,0.47,917
qutebrowser__qutebrowser,instance_qutebrowser__qutebrowser-479aa075ac79dc975e2e949e188a328e95bf78ff-vc2f56a753b62a190ddb23cd330c257b9cf560d12,223715,,0.36,917
qutebrowser__qutebrowser,instance_qutebrowser__qutebrowser-5cef49ff3074f9eab1da6937a141a39a20828502-v02ad04386d5238fe2d1a1be450df257370de4b6a,224559,,0.49,922
qutebrowser__qutebrowser,instance_qutebrowser__qutebrowser-e70f5b03187bdd40e8bf70f5f3ead840f52d1f42-v02ad04386d5238fe2d1a1be450df257370de4b6a,224566,,0.46,922
qutebrowser__qutebrowser,instance_qutebrowser__qutebrowser-a25e8a09873838ca9efefd36ea8a45170bbeb95c-vc2f56a753b62a190ddb23cd330c257b9cf560d12,225422,,0.41,924
qutebrowser__qutebrowser,instance_qutebrowser__qutebrowser-322834d0e6bf17e5661145c9f085b41215c280e8-v488d33dd1b2540b234cbb0468af6b6614941ce8f,225544,,0.5,924
qutebrowser__qutebrowser,instance_qutebrowser__qutebrowser-ebfe9b7aa0c4ba9d451f993e08955004aaec4345-v059c6fdc75567943479b23ebca7c07b5e9a7f34c,225434,,0.48,925
qutebrowser__qutebrowser,instance_qutebrowser__qutebrowser-f91ace96223cac8161c16dd061907e138fe85111-v059c6fdc75567943479b23ebca7c07b5e9a7f34c,225474,,0.32,926
qutebrowser__qutebrowser,instance_qutebrowser__qutebrowser-0d2afd58f3d0e34af21cee7d8a3fc9d855594e9f-vnan,220185,,0.44,926
qutebrowser__qutebrowser,instance_qutebrowser__qutebrowser-3fd8e12949b8feda401930574facf09dd4180bba,220319,,0.4,926
qutebrowser__qutebrowser,instance_qutebrowser__qutebrowser-50efac08f623644a85441bbe02ab9347d2b71a9d-v9f8e9d96c85c85a605e382f1510bd08563afc566,220830,,0.39,927
qutebrowser__qutebrowser,instance_qutebrowser__qutebrowser-2e961080a85d660148937ee8f0f6b3445a8f2c01-v363c8a7e5ccdf6968fc7ab84a2053ac78036691d,220848,,0.51,927
qutebrowser__qutebrowser,instance_qutebrowser__qutebrowser-f8e7fea0becae25ae20606f1422068137189fe9e,220855,,0.35,927
qutebrowser__qutebrowser,instance_qutebrowser__qutebrowser-c0be28ebee3e1837aaf3f30ec534ccd6d038f129-v9f8e9d96c85c85a605e382f1510bd08563afc566,220959,,0.38,927
qutebrowser__qutebrowser,instance_qutebrowser__qutebrowser-7b603dd6bf195e3e723ce08ff64a82b406e3f6b6-v9f8e9d96c85c85a605e382f1510bd08563afc566,221078,,0.5,927
qutebrowser__qutebrowser,instance_qutebrowser__qutebrowser-fea33d607fde83cf505b228238cf365936437a63-v9f8e9d96c85c85a605e382f1510bd08563afc566,221080,,0.38,927
qutebrowser__qutebrowser,instance_qutebrowser__qutebrowser-7f9713b20f623fc40473b7167a082d6db0f0fd40-va0fd88aac89cde702ec1ba84877234da33adce8a,220994,,0.2,927
qutebrowser__qutebrowser,instance_qutebrowser__qutebrowser-0aa57e4f7243024fa4bba8853306691b5dbd77b3-v5149fcda2a9a6fe1d35dfed1bade1444a11ef271,222048,,0.47,932
qutebrowser__qutebrowser,instance_qutebrowser__qutebrowser-8cd06741bb56cdca49f5cdc0542da97681154315-v5149fcda2a9a6fe1d35dfed1bade1444a11ef271,221999,,0.39,932
qutebrowser__qutebrowser,instance_qutebrowser__qutebrowser-99029144b5109bb1b2a53964a7c129e009980cd9-va0fd88aac89cde702ec1ba84877234da33adce8a,222656,,0.42,933
qutebrowser__qutebrowser,instance_qutebrowser__qutebrowser-e15d26630934d0b6415ed2295ac42fd570a57620-va0fd88aac89cde702ec1ba84877234da33adce8a,224201,,0.55,936
tutao__tutanota,instance_tutao__tutanota-51818218c6ae33de00cbea3a4d30daac8c34142e-vc4e41fd0029957297843cb9dec4a25c7c756f029,510741,,0.52,1706
tutao__tutanota,instance_tutao__tutanota-de49d486feef842101506adf040a0f00ded59519-v10a26bfb45a064b93f4fc044a0254925037b88f1,511386,,1.13,1708
tutao__tutanota,instance_tutao__tutanota-219bc8f05d7b980e038bc1524cb021bf56397a1b-vee878bb72091875e912c52fc32bc60ec3760227b,508050,,1.03,1727
tutao__tutanota,instance_tutao__tutanota-8513a9e8114a8b42e64f4348335e0f23efa054c4-vee878bb72091875e912c52fc32bc60ec3760227b,511321,,0.45,1759
tutao__tutanota,instance_tutao__tutanota-befce4b146002b9abc86aa95f4d57581771815ce-vee878bb72091875e912c52fc32bc60ec3760227b,513719,,1.23,1760
tutao__tutanota,instance_tutao__tutanota-4b4e45949096bb288f2b522f657610e480efa3e8-vee878bb72091875e912c52fc32bc60ec3760227b,518981,,0.45,1446
tutao__tutanota,instance_tutao__tutanota-40e94dee2bcec2b63f362da283123e9df1874cc1-vc4e41fd0029957297843cb9dec4a25c7c756f029,521808,,0.76,1443
tutao__tutanota,instance_tutao__tutanota-12a6cbaa4f8b43c2f85caca0787ab55501539955-vc4e41fd0029957297843cb9dec4a25c7c756f029,522213,,1.02,1666
tutao__tutanota,instance_tutao__tutanota-fb32e5f9d9fc152a00144d56dd0af01760a2d4dc-vc4e41fd0029957297843cb9dec4a25c7c756f029,567882,,0.88,1704
tutao__tutanota,instance_tutao__tutanota-fe240cbf7f0fdd6744ef7bef8cb61676bcdbb621-vc4e41fd0029957297843cb9dec4a25c7c756f029,798709,,0.73,1875
tutao__tutanota,instance_tutao__tutanota-1ff82aa365763cee2d609c9d19360ad87fdf2ec7-vc4e41fd0029957297843cb9dec4a25c7c756f029,800111,,0.41,1877
tutao__tutanota,instance_tutao__tutanota-1e516e989b3c0221f4af6b297d9c0e4c43e4adc3-vbc0d9ba8f0071fbe982809910959a6ff8884dbbf,802799,,0.71,1891
tutao__tutanota,instance_tutao__tutanota-f3ffe17af6e8ab007e8d461355057ad237846d9d-vbc0d9ba8f0071fbe982809910959a6ff8884dbbf,823403,,0.78,1940
tutao__tutanota,instance_tutao__tutanota-09c2776c0fce3db5c6e18da92b5a45dce9f013aa-vbc0d9ba8f0071fbe982809910959a6ff8884dbbf,823332,,0.45,1942
tutao__tutanota,instance_tutao__tutanota-da4edb7375c10f47f4ed3860a591c5e6557f7b5c-vbc0d9ba8f0071fbe982809910959a6ff8884dbbf,823862,,0.43,1949
tutao__tutanota,instance_tutao__tutanota-d1aa0ecec288bfc800cfb9133b087c4f81ad8b38-vbc0d9ba8f0071fbe982809910959a6ff8884dbbf,824080,,0.98,1951
tutao__tutanota,instance_tutao__tutanota-fbdb72a2bd39b05131ff905780d9d4a2a074de26-vbc0d9ba8f0071fbe982809910959a6ff8884dbbf,829708,,1.0,1971
tutao__tutanota,instance_tutao__tutanota-db90ac26ab78addf72a8efaff3c7acc0fbd6d000-vbc0d9ba8f0071fbe982809910959a6ff8884dbbf,830072,,0.67,1972
tutao__tutanota,instance_tutao__tutanota-b4934a0f3c34d9d7649e944b183137e8fad3e859-vbc0d9ba8f0071fbe982809910959a6ff8884dbbf,830737,,0.98,1980
tutao__tutanota,instance_tutao__tutanota-f373ac3808deefce8183dad8d16729839cc330c1-v2939aa9f4356f0dc9f523ee5ce19d09e08ab979b,828751,,1.23,2054
